Vehicle type,Stock #,VIN,Year,Make,Model,Trim (site),Spec,Engine,Transmission,Drivetrain,Fuel,Body,Exterior,Interior,Miles,Price (site),Status,Photos on site,Listing URL,Age (yrs),Miles/yr,Miles vs typical (%),Battery rating (Tesla),Battery health % (Tesla),Orig EPA range (Tesla),EPA MPG city/hwy/comb,EPA source,NHTSA recalls (model-level),NHTSA complaints,Warranty (estimate),Suggested retail ($),Market low ($),Market high ($),Comps used,Pricing confidence,Listed vs suggested ($),Listed vs suggested (%),Comp listing URLs,Manheim MMR,MMR low,MMR high,MMR date,Listed vs MMR (%),Demand,Demand score,Demand confidence,Demand inputs,CARFAX owners,CARFAX accidents,CARFAX flags,CARFAX value ($),CARFAX warranty,CARFAX use,CARFAX PDF,Pending checks
TESLA,067723,5YJ3E1EA7SF067723,2025,Tesla,Model 3,Long Range Sedan 4D,Long Range RWD,Electric,Single-speed,RWD,ELECTRIC,,Gray,White,6435,38995.0,Available,30,https://www.luxautomotivellc.com/inventory/tesla/model-3/067723/,1.77,,,Excellent,96.8,363,,https://www.fueleconomy.gov/feg/noframes/48765.shtml,,,,39900,39400,40000,12,High,-905,-2.3,https://www.cars.com/vehicledetail/3cec8514-16b0-47e5-8556-51a66d2e7bcf/ https://www.autotrader.com/cars-for-sale/vehicle/790276627 https://www.autotrader.com/cars-for-sale/vehicle/791611466 https://www.autotrader.com/cars-for-sale/vehicle/792193815 https://www.autotrader.com/cars-for-sale/vehicle/789898210 https://www.cars.com/vehicledetail/bf670d30-3fda-4080-b95f-d370c53b399e/ https://www.autotrader.com/cars-for-sale/vehicle/793113958 https://www.autotrader.com/cars-for-sale/vehicle/792704735 https://www.autotrader.com/cars-for-sale/vehicle/792238025 https://www.autotrader.com/cars-for-sale/vehicle/791725554 https://www.autotrader.com/cars-for-sale/vehicle/789937359 https://www.autotrader.com/cars-for-sale/vehicle/791313863,36400,35100,37600,2026-10-10,7.1,Hot,73,High,comps=37; comps_with_days=33; local_supply=29; local_radius=250; median_days=18; price_cut_share=48; mmr_transactions=72; median_vs_kbb_pct=-7.6,1,0,1-Owner | No Accidents | Lease use | Service records 3,38110,"Original warranty estimated to have 35 months or 49,985 miles remaining.",Lease,https://luxrepair2025-rgb.github.io/lux-tesla-battery/carfax/5YJ3E1EA7SF067723.pdf,
TESLA,149610,7SAYGDEE5PA149610,2023,Tesla,Model Y,Long Range Sport Utility 4D,Long Range AWD,Electric,Single-speed,AWD,ELECTRIC,,Black,Black,10194,34195.0,SOLD,29,https://www.luxautomotivellc.com/inventory/tesla/model-y/149610/,3.77,,,Excellent,94.3,330,,https://www.fueleconomy.gov/feg/noframes/46212.shtml,,,,36000,34600,38000,8,Low,-1805,-5.0,https://www.autotrader.com/cars-for-sale/vehicle/785639458 https://www.autotrader.com/cars-for-sale/vehicle/791605161 https://www.autotrader.com/cars-for-sale/vehicle/785723898 https://www.autotrader.com/cars-for-sale/vehicle/791107355 https://www.autotrader.com/cars-for-sale/vehicle/793166010 https://www.autotrader.com/cars-for-sale/vehicle/792868231 https://www.autotrader.com/cars-for-sale/vehicle/792707223 https://www.autotrader.com/cars-for-sale/vehicle/786583547,34400,32800,35900,2026-10-09,-0.6,Hot,76,High,comps=100; comps_with_days=100; local_supply=52; local_radius=250; median_days=18; price_cut_share=44; mmr_transactions=100; median_vs_kbb_pct=-4.8,1,0,1-Owner | No Accidents | Lease use | Service records 6,34980,"Original warranty estimated to have 11 months or 39,806 miles remaining.",Lease,https://luxrepair2025-rgb.github.io/lux-tesla-battery/carfax/7SAYGDEE5PA149610.pdf,
TESLA,643010,5YJ3E1EA3PF643010,2023,Tesla,Model 3,Standard Sedan 4D,Standard Range RWD,Electric,Single-speed,RWD,ELECTRIC,,,Not listed,22436,,Available,0,https://www.luxautomotivellc.com/inventory/tesla/model-3/643010/,3.77,,,Excellent,93.0,272,,https://www.fueleconomy.gov/feg/noframes/46206.shtml,,,,28600,26800,29100,12,High,,,https://www.autotrader.com/cars-for-sale/vehicle/792391441 https://www.autotrader.com/cars-for-sale/vehicle/788922773 https://www.autotrader.com/cars-for-sale/vehicle/792018432 https://www.autotrader.com/cars-for-sale/vehicle/790285485 https://www.autotrader.com/cars-for-sale/vehicle/788918866 https://www.autotrader.com/cars-for-sale/vehicle/792169541 https://www.autotrader.com/cars-for-sale/vehicle/782384802 https://www.autotrader.com/cars-for-sale/vehicle/792615484 https://www.autotrader.com/cars-for-sale/vehicle/792214767 https://www.autotrader.com/cars-for-sale/vehicle/792514770 https://www.autotrader.com/cars-for-sale/vehicle/791909945 https://www.autotrader.com/cars-for-sale/vehicle/792930067,25200,24000,26500,2026-10-10,,Hot,78,High,comps=152; comps_with_days=151; local_supply=91; local_radius=250; median_days=15; price_cut_share=40; mmr_transactions=100; median_vs_kbb_pct=-4.7,1,0,1-Owner | No Accidents | Lease use | Service records 5,26260,"Original warranty estimated to have 12 months or 49,985 miles remaining.",Lease,https://luxrepair2025-rgb.github.io/lux-tesla-battery/carfax/5YJ3E1EA3PF643010.pdf,
TESLA,657245,5YJ3E1EA1PF657245,2023,Tesla,Model 3,Standard Sedan 4D,Standard Range RWD,Electric,Single-speed,RWD,ELECTRIC,,Gray,White,23631,30995.0,Available,31,https://www.luxautomotivellc.com/inventory/tesla/model-3/657245/,3.77,,,Excellent,92.9,272,,https://www.fueleconomy.gov/feg/noframes/46206.shtml,,,,28600,26600,29000,12,High,2395,8.4,https://www.autotrader.com/cars-for-sale/vehicle/790285485 https://www.autotrader.com/cars-for-sale/vehicle/792169541 https://www.autotrader.com/cars-for-sale/vehicle/792214767 https://www.autotrader.com/cars-for-sale/vehicle/792391441 https://www.autotrader.com/cars-for-sale/vehicle/792018432 https://www.autotrader.com/cars-for-sale/vehicle/788922773 https://www.autotrader.com/cars-for-sale/vehicle/790472416 https://www.autotrader.com/cars-for-sale/vehicle/782384802 https://www.autotrader.com/cars-for-sale/vehicle/792615484 https://www.autotrader.com/cars-for-sale/vehicle/791909945 https://www.autotrader.com/cars-for-sale/vehicle/790731861 https://www.autotrader.com/cars-for-sale/vehicle/792780652,25100,23900,26400,2026-10-10,23.5,Hot,78,High,comps=152; comps_with_days=151; local_supply=91; local_radius=250; median_days=15; price_cut_share=40; mmr_transactions=100; median_vs_kbb_pct=-4.7,1,1,1-Owner | Minor Damage | Lease use | Service records 8,27310,"Original warranty estimated to have 12 months or 26,377 miles remaining.",Lease,https://luxrepair2025-rgb.github.io/lux-tesla-battery/carfax/5YJ3E1EA1PF657245.pdf,
TESLA,645058,5YJ3E1EA8PF645058,2023,Tesla,Model 3,Standard Sedan 4D,Standard Range RWD,Electric,Single-speed,RWD,ELECTRIC,,,Not listed,24799,,Available,0,https://www.luxautomotivellc.com/inventory/tesla/model-3/645058/,3.77,,,Excellent,92.7,272,,https://www.fueleconomy.gov/feg/noframes/46206.shtml,,,,28500,27100,28900,12,High,,,https://www.autotrader.com/cars-for-sale/vehicle/792214767 https://www.autotrader.com/cars-for-sale/vehicle/792169541 https://www.autotrader.com/cars-for-sale/vehicle/791049359 https://www.autotrader.com/cars-for-sale/vehicle/791909945 https://www.autotrader.com/cars-for-sale/vehicle/790755672 https://www.autotrader.com/cars-for-sale/vehicle/790285485 https://www.autotrader.com/cars-for-sale/vehicle/792020340 https://www.autotrader.com/cars-for-sale/vehicle/792018432 https://www.autotrader.com/cars-for-sale/vehicle/792615484 https://www.autotrader.com/cars-for-sale/vehicle/792930067 https://www.autotrader.com/cars-for-sale/vehicle/792780652 https://www.autotrader.com/cars-for-sale/vehicle/792487443,25000,23800,26300,2026-10-10,,Hot,78,High,comps=152; comps_with_days=151; local_supply=91; local_radius=250; median_days=15; price_cut_share=40; mmr_transactions=100; median_vs_kbb_pct=-4.7,1,0,1-Owner | No Accidents | Lease use | Service records 8,26260,"Original warranty estimated to have 12 months or 49,985 miles remaining.",Lease,https://luxrepair2025-rgb.github.io/lux-tesla-battery/carfax/5YJ3E1EA8PF645058.pdf,
TESLA,208339,7SAYGDEE6PA208339,2023,Tesla,Model Y,Standard Sport Utility 4D,Standard Range AWD,Electric,Single-speed,AWD,ELECTRIC,,,Not listed,18671,,Available,0,https://www.luxautomotivellc.com/inventory/tesla/model-y/208339/,3.77,,,Excellent,92.6,279,,https://www.fueleconomy.gov/feg/noframes/46211.shtml,,,,37200,37000,39200,5,Low,,,https://www.autotrader.com/cars-for-sale/vehicle/783154155 https://www.autotrader.com/cars-for-sale/vehicle/789450777 https://www.autotrader.com/cars-for-sale/vehicle/792742524 https://www.autotrader.com/cars-for-sale/vehicle/792490400 https://www.autotrader.com/cars-for-sale/vehicle/793029449,33500,31900,35000,2026-10-10,,Hot,81,Medium,comps=9; comps_with_days=9; local_supply=3; local_radius=250; median_days=15; price_cut_share=33; mmr_transactions=100; median_vs_kbb_pct=-7.5,1,0,1-Owner | No Accidents | Lease use | Service records 7,31320,"Original warranty estimated to have 16 months or 49,985 miles remaining.",Lease,https://luxrepair2025-rgb.github.io/lux-tesla-battery/carfax/7SAYGDEE6PA208339.pdf,
TESLA,551964,5YJ3E1EA7PF551964,2023,Tesla,Model 3,Standard Sedan 4D,Standard Range RWD,Electric,Single-speed,RWD,ELECTRIC,,Blue,White,31746,25295.0,SOLD,29,https://www.luxautomotivellc.com/inventory/tesla/model-3/551964/,3.77,,,Excellent,91.9,272,,https://www.fueleconomy.gov/feg/noframes/46206.shtml,,,,28900,27500,29400,12,High,-3605,-12.5,https://www.autotrader.com/cars-for-sale/vehicle/788890779 https://www.autotrader.com/cars-for-sale/vehicle/787642360 https://www.autotrader.com/cars-for-sale/vehicle/779821713 https://www.autotrader.com/cars-for-sale/vehicle/791909943 https://www.autotrader.com/cars-for-sale/vehicle/791962494 https://www.autotrader.com/cars-for-sale/vehicle/792271282 https://www.autotrader.com/cars-for-sale/vehicle/790472014 https://www.autotrader.com/cars-for-sale/vehicle/788301913 https://www.autotrader.com/cars-for-sale/vehicle/791977380 https://www.autotrader.com/cars-for-sale/vehicle/791977381 https://www.autotrader.com/cars-for-sale/vehicle/791433343 https://www.autotrader.com/cars-for-sale/vehicle/782367866,24900,23600,26100,2026-10-09,1.6,Hot,78,High,comps=152; comps_with_days=151; local_supply=91; local_radius=250; median_days=15; price_cut_share=40; mmr_transactions=100; median_vs_kbb_pct=-4.7,1,0,1-Owner | No Accidents | Lease use | Service records 7,26900,"Original warranty estimated to have 7 months or 18,254 miles remaining.",Lease,https://luxrepair2025-rgb.github.io/lux-tesla-battery/carfax/5YJ3E1EA7PF551964.pdf,
TESLA,612662,7SAYGDEF1PF612662,2023,Tesla,Model Y,Long Range Sport Utility 4D,Long Range AWD,Electric,Single-speed,AWD,ELECTRIC,,,Not listed,23448,,Available,0,https://www.luxautomotivellc.com/inventory/tesla/model-y/612662/,3.77,,,Excellent,91.9,330,,https://www.fueleconomy.gov/feg/noframes/46212.shtml,,,,35300,34200,36500,12,Medium,,,https://www.autotrader.com/cars-for-sale/vehicle/790247004 https://www.autotrader.com/cars-for-sale/vehicle/792851000 https://www.autotrader.com/cars-for-sale/vehicle/787661071 https://www.autotrader.com/cars-for-sale/vehicle/792422579 https://www.autotrader.com/cars-for-sale/vehicle/792532446 https://www.autotrader.com/cars-for-sale/vehicle/792020276 https://www.autotrader.com/cars-for-sale/vehicle/777249941 https://www.autotrader.com/cars-for-sale/vehicle/792490401 https://www.autotrader.com/cars-for-sale/vehicle/792746523 https://www.autotrader.com/cars-for-sale/vehicle/791432991 https://www.autotrader.com/cars-for-sale/vehicle/785498615 https://www.autotrader.com/cars-for-sale/vehicle/791799795,34900,33100,36700,2026-10-10,,Hot,76,High,comps=100; comps_with_days=100; local_supply=52; local_radius=250; median_days=18; price_cut_share=44; mmr_transactions=75; median_vs_kbb_pct=-4.8,2,0,2 Owners | No Accidents | Personal use | Service records 15,34290,"Original warranty estimated to have 3 months or 26,865 miles remaining.",Personal,https://luxrepair2025-rgb.github.io/lux-tesla-battery/carfax/7SAYGDEF1PF612662.pdf,
TESLA,591951,5YJ3E1EA0PF591951,2023,Tesla,Model 3,Standard Sedan 4D,Standard Range RWD,Electric,Single-speed,RWD,ELECTRIC,,Black,Black,35697,25995.0,Available,26,https://www.luxautomotivellc.com/inventory/tesla/model-3/591951/,3.77,,,Excellent,91.5,272,,https://www.fueleconomy.gov/feg/noframes/46206.shtml,,,,26000,25000,28600,12,Medium,-5,-0.0,https://www.autotrader.com/cars-for-sale/vehicle/791088766 https://www.autotrader.com/cars-for-sale/vehicle/792827661 https://www.autotrader.com/cars-for-sale/vehicle/792827698 https://www.autotrader.com/cars-for-sale/vehicle/789691688 https://www.autotrader.com/cars-for-sale/vehicle/792827660 https://www.autotrader.com/cars-for-sale/vehicle/790195415 https://www.autotrader.com/cars-for-sale/vehicle/791665522 https://www.autotrader.com/cars-for-sale/vehicle/790181684 https://www.autotrader.com/cars-for-sale/vehicle/792572362 https://www.autotrader.com/cars-for-sale/vehicle/792261199 https://www.autotrader.com/cars-for-sale/vehicle/792796713 https://www.autotrader.com/cars-for-sale/vehicle/792045618,24100,22900,25300,2026-10-10,7.9,Hot,78,High,comps=152; comps_with_days=151; local_supply=91; local_radius=250; median_days=15; price_cut_share=40; mmr_transactions=100; median_vs_kbb_pct=-4.7,1,0,1-Owner | No Accidents | Lease use | Service records 8,26840,"Original warranty estimated to have 10 months or 14,303 miles remaining.",Lease,https://luxrepair2025-rgb.github.io/lux-tesla-battery/carfax/5YJ3E1EA0PF591951.pdf,
TESLA,304751,7SAYGDED7RA304751,2024,Tesla,Model Y,Long Range Sport Utility 4D,Long Range RWD,Electric,Single-speed,RWD,ELECTRIC,,Gray,White,38976,37295.0,Available,28,https://www.luxautomotivellc.com/inventory/tesla/model-y/304751/,2.77,,,Excellent,90.9,320,,https://www.fueleconomy.gov/feg/noframes/48475.shtml,,,,34900,34300,36800,12,High,2395,6.9,https://www.autotrader.com/cars-for-sale/vehicle/792376746 https://www.autotrader.com/cars-for-sale/vehicle/791988145 https://www.autotrader.com/cars-for-sale/vehicle/787557311 https://www.autotrader.com/cars-for-sale/vehicle/791146854 https://www.autotrader.com/cars-for-sale/vehicle/784932451 https://www.autotrader.com/cars-for-sale/vehicle/782747653 https://www.autotrader.com/cars-for-sale/vehicle/792391523 https://www.autotrader.com/cars-for-sale/vehicle/792136438 https://www.autotrader.com/cars-for-sale/vehicle/792804249 https://www.autotrader.com/cars-for-sale/vehicle/792551219 https://www.autotrader.com/cars-for-sale/vehicle/791764068 https://www.autotrader.com/cars-for-sale/vehicle/791689451,31200,29700,32700,2026-10-10,19.5,Hot,74,High,comps=19; comps_with_days=19; local_supply=13; local_radius=250; median_days=12; price_cut_share=32; mmr_transactions=28; median_vs_kbb_pct=-5.0,1,1,1-Owner | Minor Damage | Lease use | Service records 6,32830,"Original warranty estimated to have 21 months or 11,168 miles remaining.",Lease,https://luxrepair2025-rgb.github.io/lux-tesla-battery/carfax/7SAYGDED7RA304751.pdf,
TESLA,544132,5YJ3E1EA4PF544132,2023,Tesla,Model 3,Standard Sedan 4D,Standard Range RWD,Electric,Single-speed,RWD,ELECTRIC,,White,White,45173,27295.0,Available,29,https://www.luxautomotivellc.com/inventory/tesla/model-3/544132/,3.77,,,Excellent,90.8,272,,https://www.fueleconomy.gov/feg/noframes/46206.shtml,,,,26500,24800,27000,12,High,795,3.0,https://www.autotrader.com/cars-for-sale/vehicle/786392592 https://www.autotrader.com/cars-for-sale/vehicle/790098946 https://www.autotrader.com/cars-for-sale/vehicle/792079873 https://www.autotrader.com/cars-for-sale/vehicle/782893145 https://www.autotrader.com/cars-for-sale/vehicle/789446008 https://www.autotrader.com/cars-for-sale/vehicle/792417491 https://www.autotrader.com/cars-for-sale/vehicle/791909944 https://www.autotrader.com/cars-for-sale/vehicle/793069697 https://www.autotrader.com/cars-for-sale/vehicle/786139544 https://www.autotrader.com/cars-for-sale/vehicle/791433344 https://www.cars.com/vehicledetail/5951dc23-d4b1-48a5-bb18-3ffc0da364fa/ https://www.autotrader.com/cars-for-sale/vehicle/791466812,23300,22200,24500,2026-10-10,17.1,Hot,78,High,comps=152; comps_with_days=151; local_supply=91; local_radius=250; median_days=15; price_cut_share=40; mmr_transactions=100; median_vs_kbb_pct=-4.7,1,0,1-Owner | No Accidents | Personal Lease use | Service records 6,25370,Warranty Active,Personal Lease,https://luxrepair2025-rgb.github.io/lux-tesla-battery/carfax/5YJ3E1EA4PF544132.pdf,
TESLA,872032,7SAYGDEF7PF872032,2023,Tesla,Model Y,Long Range Sport Utility 4D,Long Range AWD,Electric,Single-speed,AWD,ELECTRIC,,,Not listed,34896,,Available,0,https://www.luxautomotivellc.com/inventory/tesla/model-y/872032/,3.77,,,Excellent,90.5,330,,https://www.fueleconomy.gov/feg/noframes/46212.shtml,,,,34800,33100,36100,12,High,,,https://www.autotrader.com/cars-for-sale/vehicle/789602376 https://www.autotrader.com/cars-for-sale/vehicle/793151342 https://www.autotrader.com/cars-for-sale/vehicle/792816961 https://www.autotrader.com/cars-for-sale/vehicle/792860362 https://www.autotrader.com/cars-for-sale/vehicle/791049388 https://www.autotrader.com/cars-for-sale/vehicle/793035985 https://www.autotrader.com/cars-for-sale/vehicle/781483818 https://www.autotrader.com/cars-for-sale/vehicle/790080420 https://www.autotrader.com/cars-for-sale/vehicle/786583547 https://www.autotrader.com/cars-for-sale/vehicle/785481834 https://www.autotrader.com/cars-for-sale/vehicle/792707223 https://www.autotrader.com/cars-for-sale/vehicle/792868231,33600,31900,35300,2026-10-10,,Hot,76,High,comps=100; comps_with_days=100; local_supply=52; local_radius=250; median_days=18; price_cut_share=44; mmr_transactions=75; median_vs_kbb_pct=-4.8,1,1,1-Owner | Minor Damage | Lease use | Service records 12,33370,"Original warranty estimated to have 12 months or 15,108 miles remaining.",Lease,https://luxrepair2025-rgb.github.io/lux-tesla-battery/carfax/7SAYGDEF7PF872032.pdf,
TESLA,482978,5YJ3E1EA1PF482978,2023,Tesla,Model 3,Standard Sedan 4D,Standard Range RWD,Electric,Single-speed,RWD,ELECTRIC,,White,Black,52605,25295.0,Available,30,https://www.luxautomotivellc.com/inventory/tesla/model-3/482978/,3.77,,,Excellent,90.3,272,,https://www.fueleconomy.gov/feg/noframes/46206.shtml,,,,26800,24700,27800,12,High,-1505,-5.6,https://www.autotrader.com/cars-for-sale/vehicle/791914447 https://www.autotrader.com/cars-for-sale/vehicle/788169668 https://www.autotrader.com/cars-for-sale/vehicle/792437972 https://www.autotrader.com/cars-for-sale/vehicle/788220735 https://www.autotrader.com/cars-for-sale/vehicle/792796708 https://www.autotrader.com/cars-for-sale/vehicle/788850227 https://www.autotrader.com/cars-for-sale/vehicle/788498741 https://www.autotrader.com/cars-for-sale/vehicle/792796716 https://www.autotrader.com/cars-for-sale/vehicle/792045668 https://www.autotrader.com/cars-for-sale/vehicle/792614812 https://www.autotrader.com/cars-for-sale/vehicle/791284779 https://www.autotrader.com/cars-for-sale/vehicle/792796710,22700,21100,24300,2026-10-10,11.4,Hot,78,High,comps=152; comps_with_days=151; local_supply=91; local_radius=250; median_days=15; price_cut_share=40; mmr_transactions=100; median_vs_kbb_pct=-4.7,1,1,1-Owner | Accident reported (severity not stated) | Lease use | Service records 4,25080,"Original warranty estimated to have 5 months or 49,985 miles remaining.",Lease,https://luxrepair2025-rgb.github.io/lux-tesla-battery/carfax/5YJ3E1EA1PF482978.pdf,
TESLA,642122,5YJ3E1EA9PF642122,2023,Tesla,Model 3,Standard Sedan 4D,Standard Range RWD,Electric,Single-speed,RWD,ELECTRIC,,Gray,Black,70767,25995.0,Available,30,https://www.luxautomotivellc.com/inventory/tesla/model-3/642122/,3.77,,,Excellent,89.4,272,,https://www.fueleconomy.gov/feg/noframes/46206.shtml,,,,24400,23100,25800,12,High,1595,6.5,https://www.autotrader.com/cars-for-sale/vehicle/792926582 https://www.autotrader.com/cars-for-sale/vehicle/791200542 https://www.autotrader.com/cars-for-sale/vehicle/783471361 https://www.autotrader.com/cars-for-sale/vehicle/792950070 https://www.autotrader.com/cars-for-sale/vehicle/792550262 https://www.autotrader.com/cars-for-sale/vehicle/792110161 https://www.autotrader.com/cars-for-sale/vehicle/787267373 https://www.autotrader.com/cars-for-sale/vehicle/790991657 https://www.autotrader.com/cars-for-sale/vehicle/792630344 https://www.autotrader.com/cars-for-sale/vehicle/790009110 https://www.autotrader.com/cars-for-sale/vehicle/786890861 https://www.autotrader.com/cars-for-sale/vehicle/792386288,21100,19650,22700,2026-10-10,23.2,Hot,78,High,comps=152; comps_with_days=151; local_supply=91; local_radius=250; median_days=15; price_cut_share=40; mmr_transactions=100; median_vs_kbb_pct=-4.7,1,1,1-Owner | Accident reported (severity not stated) | Lease use | Service records 6,25990,"Original warranty estimated to have 13 months or 49,985 miles remaining.",Lease,https://luxrepair2025-rgb.github.io/lux-tesla-battery/carfax/5YJ3E1EA9PF642122.pdf,
TESLA,439008,5YJ3E1EA4PF439008,2023,Tesla,Model 3,Standard Sedan 4D,Standard Range RWD,Electric,Single-speed,RWD,ELECTRIC,,Red,Black,125415,18295.0,Available,23,https://www.luxautomotivellc.com/inventory/tesla/model-3/439008/,3.77,,,Excellent,87.6,272,,https://www.fueleconomy.gov/feg/noframes/46206.shtml,,,,17300,15700,17900,12,Medium,995,5.8,https://www.autotrader.com/cars-for-sale/vehicle/792752849 https://www.autotrader.com/cars-for-sale/vehicle/787630858 https://www.autotrader.com/cars-for-sale/vehicle/789532651 https://www.autotrader.com/cars-for-sale/vehicle/775058826 https://www.autotrader.com/cars-for-sale/vehicle/793024207 https://www.autotrader.com/cars-for-sale/vehicle/783166542 https://www.autotrader.com/cars-for-sale/vehicle/790195416 https://www.autotrader.com/cars-for-sale/vehicle/787057348 https://www.autotrader.com/cars-for-sale/vehicle/792876837 https://www.autotrader.com/cars-for-sale/vehicle/791710414 https://www.autotrader.com/cars-for-sale/vehicle/789545876 https://www.autotrader.com/cars-for-sale/vehicle/792733919,16800,15600,18000,2026-10-10,8.9,Hot,78,High,comps=152; comps_with_days=151; local_supply=91; local_radius=250; median_days=15; price_cut_share=40; mmr_transactions=100; median_vs_kbb_pct=-4.7,1,2,1-Owner | Minor Damage ×2 | Rental history | Service records 20,20100,Original warranty estimated to have expired.,Rental,https://luxrepair2025-rgb.github.io/lux-tesla-battery/carfax/5YJ3E1EA4PF439008.pdf,
TESLA,323907,5YJ3E1EB9NF323907,2022,Tesla,Model 3,Long Range Sedan 4D,Long Range AWD,Electric,Single-speed,AWD,ELECTRIC,,,Not listed,66167,,Available,0,https://www.luxautomotivellc.com/inventory/tesla/model-3/323907/,4.77,,,Excellent,87.4,358,,https://www.fueleconomy.gov/feg/noframes/45011.shtml,,,,25700,25300,26800,12,High,,,https://www.autotrader.com/cars-for-sale/vehicle/792313500 https://www.autotrader.com/cars-for-sale/vehicle/792850996 https://www.autotrader.com/cars-for-sale/vehicle/792842509 https://www.autotrader.com/cars-for-sale/vehicle/792802189 https://www.autotrader.com/cars-for-sale/vehicle/792029072 https://www.autotrader.com/cars-for-sale/vehicle/790803068 https://www.autotrader.com/cars-for-sale/vehicle/791191107 https://www.autotrader.com/cars-for-sale/vehicle/792630831 https://www.autotrader.com/cars-for-sale/vehicle/791407672 https://www.autotrader.com/cars-for-sale/vehicle/792938980 https://www.autotrader.com/cars-for-sale/vehicle/782391643 https://www.autotrader.com/cars-for-sale/vehicle/792406838,22400,21100,23700,2026-10-10,,Hot,73,High,comps=50; comps_with_days=49; local_supply=26; local_radius=250; median_days=14; price_cut_share=49; mmr_transactions=100; median_vs_kbb_pct=-7.7,1,1,1-Owner | Minor Damage | Personal use | Service records 9,25480,Original warranty estimated to have expired.,Personal,https://luxrepair2025-rgb.github.io/lux-tesla-battery/carfax/5YJ3E1EB9NF323907.pdf,
TESLA,119770,5YJ3E1EB7NF119770,2022,Tesla,Model 3,Long Range Sedan 4D,Long Range AWD,Electric,Single-speed,AWD,ELECTRIC,,,Not listed,75953,,Available,0,https://www.luxautomotivellc.com/inventory/tesla/model-3/119770/,4.77,,,Excellent,86.9,358,,https://www.fueleconomy.gov/feg/noframes/45011.shtml,,,,25000,24600,27900,12,Medium,,,https://www.autotrader.com/cars-for-sale/vehicle/790666397 https://www.autotrader.com/cars-for-sale/vehicle/792842509 https://www.autotrader.com/cars-for-sale/vehicle/792063316 https://www.autotrader.com/cars-for-sale/vehicle/792850996 https://www.autotrader.com/cars-for-sale/vehicle/788919267 https://www.autotrader.com/cars-for-sale/vehicle/782391643 https://www.autotrader.com/cars-for-sale/vehicle/792677112 https://www.autotrader.com/cars-for-sale/vehicle/792406838 https://www.autotrader.com/cars-for-sale/vehicle/791407672 https://www.autotrader.com/cars-for-sale/vehicle/792630831 https://www.autotrader.com/cars-for-sale/vehicle/790344549 https://www.autotrader.com/cars-for-sale/vehicle/790803068,21400,20100,22600,2026-10-10,,Hot,73,High,comps=50; comps_with_days=49; local_supply=26; local_radius=250; median_days=14; price_cut_share=49; mmr_transactions=100; median_vs_kbb_pct=-7.7,1,0,1-Owner | No Accidents | Personal use | Service records 11,23850,Original warranty estimated to have expired.,Personal,https://luxrepair2025-rgb.github.io/lux-tesla-battery/carfax/5YJ3E1EB7NF119770.pdf,
TESLA,830720,7SAYGDEF5PF830720,2023,Tesla,Model Y,Performance Sport Utility 4D,Performance AWD,Electric,Single-speed,AWD,ELECTRIC,,White,White,65586,32295.0,Available,31,https://www.luxautomotivellc.com/inventory/tesla/model-y/830720/,3.77,,,Excellent,86.2,303,,https://www.fueleconomy.gov/feg/noframes/46213.shtml,,,,33100,29800,35900,5,Medium,-805,-2.4,https://www.autotrader.com/cars-for-sale/vehicle/792313496 https://www.autotrader.com/cars-for-sale/vehicle/792794651 https://www.autotrader.com/cars-for-sale/vehicle/791873229 https://www.autotrader.com/cars-for-sale/vehicle/792844226 https://www.autotrader.com/cars-for-sale/vehicle/793166015,30000,28300,31600,2026-10-10,7.6,Hot,78,High,comps=30; comps_with_days=30; local_supply=18; local_radius=250; median_days=14; price_cut_share=40; mmr_transactions=75; median_vs_kbb_pct=-4.9,1,1,1-Owner | Minor Damage | Personal use | Service records 5,29630,Original warranty estimated to have expired.,Personal,https://luxrepair2025-rgb.github.io/lux-tesla-battery/carfax/7SAYGDEF5PF830720.pdf,
TESLA,260077,5YJ3E1EB7NF260077,2022,Tesla,Model 3,Long Range Sedan 4D,Long Range AWD,Electric,Single-speed,AWD,ELECTRIC,,,Not listed,106476,,Available,0,https://www.luxautomotivellc.com/inventory/tesla/model-3/260077/,4.77,,,Excellent,85.6,358,,https://www.fueleconomy.gov/feg/noframes/45011.shtml,,,,22000,20800,23000,12,High,,,https://www.autotrader.com/cars-for-sale/vehicle/789751794 https://www.autotrader.com/cars-for-sale/vehicle/790755683 https://www.autotrader.com/cars-for-sale/vehicle/781017453 https://www.autotrader.com/cars-for-sale/vehicle/792395844 https://www.autotrader.com/cars-for-sale/vehicle/792516043 https://www.autotrader.com/cars-for-sale/vehicle/792441947 https://www.autotrader.com/cars-for-sale/vehicle/792677112 https://www.autotrader.com/cars-for-sale/vehicle/792045616 https://www.autotrader.com/cars-for-sale/vehicle/792045667 https://www.autotrader.com/cars-for-sale/vehicle/787419028 https://www.autotrader.com/cars-for-sale/vehicle/793154853 https://www.autotrader.com/cars-for-sale/vehicle/790344549,18100,16450,19800,2026-10-10,,Hot,73,High,comps=50; comps_with_days=49; local_supply=26; local_radius=250; median_days=14; price_cut_share=49; mmr_transactions=100; median_vs_kbb_pct=-7.7,2,0,2 Owners | No Accidents | Personal use | Service records 12,25460,Original warranty estimated to have expired.,Personal,https://luxrepair2025-rgb.github.io/lux-tesla-battery/carfax/5YJ3E1EB7NF260077.pdf,
TESLA,980227,5YJ3E1EB8MF980227,2021,Tesla,Model 3,Long Range Sedan 4D,Long Range AWD,Electric,Single-speed,AWD,ELECTRIC,,Black,Black,87792,21995.0,Available,28,https://www.luxautomotivellc.com/inventory/tesla/model-3/980227/,5.77,,,Excellent,85.5,353,,https://www.fueleconomy.gov/feg/noframes/43401.shtml,,,,23100,22300,23700,12,High,-1105,-4.8,https://www.autotrader.com/cars-for-sale/vehicle/790029857 https://www.autotrader.com/cars-for-sale/vehicle/792278875 https://www.autotrader.com/cars-for-sale/vehicle/791569544 https://www.autotrader.com/cars-for-sale/vehicle/791808537 https://www.autotrader.com/cars-for-sale/vehicle/789891576 https://www.autotrader.com/cars-for-sale/vehicle/793033193 https://www.autotrader.com/cars-for-sale/vehicle/792594336 https://www.autotrader.com/cars-for-sale/vehicle/792413800 https://www.autotrader.com/cars-for-sale/vehicle/791971685 https://www.autotrader.com/cars-for-sale/vehicle/791076921 https://www.autotrader.com/cars-for-sale/vehicle/790734110 https://www.autotrader.com/cars-for-sale/vehicle/791258437,19150,17850,20500,2026-10-10,14.9,Hot,68,High,comps=28; comps_with_days=28; local_supply=14; local_radius=250; median_days=16; price_cut_share=57; mmr_transactions=58; median_vs_kbb_pct=-10.7,1,2,1-Owner | Minor Damage ×2 | Personal use | Service records 16,22210,Original warranty estimated to have expired.,Personal,https://luxrepair2025-rgb.github.io/lux-tesla-battery/carfax/5YJ3E1EB8MF980227.pdf,
TESLA,168840,5YJ3E1EB5NF168840,2022,Tesla,Model 3,Long Range Sedan 4D,Long Range AWD,Electric,Single-speed,AWD,ELECTRIC,,,Not listed,108217,,Available,0,https://www.luxautomotivellc.com/inventory/tesla/model-3/168840/,4.77,,,Excellent,85.5,358,,https://www.fueleconomy.gov/feg/noframes/45011.shtml,,,,21900,20700,22900,12,High,,,https://www.autotrader.com/cars-for-sale/vehicle/790755683 https://www.autotrader.com/cars-for-sale/vehicle/789751794 https://www.autotrader.com/cars-for-sale/vehicle/792516043 https://www.autotrader.com/cars-for-sale/vehicle/781017453 https://www.autotrader.com/cars-for-sale/vehicle/792395844 https://www.autotrader.com/cars-for-sale/vehicle/792441947 https://www.autotrader.com/cars-for-sale/vehicle/792677112 https://www.autotrader.com/cars-for-sale/vehicle/792045616 https://www.autotrader.com/cars-for-sale/vehicle/792215369 https://www.autotrader.com/cars-for-sale/vehicle/792045667 https://www.autotrader.com/cars-for-sale/vehicle/793154853 https://www.autotrader.com/cars-for-sale/vehicle/787419028,17950,16250,19600,2026-10-10,,Hot,73,High,comps=50; comps_with_days=49; local_supply=26; local_radius=250; median_days=14; price_cut_share=49; mmr_transactions=100; median_vs_kbb_pct=-7.7,2,0,2 Owners | No Accidents | Personal use | Service records 7,21670,Original warranty estimated to have expired.,Personal,https://luxrepair2025-rgb.github.io/lux-tesla-battery/carfax/5YJ3E1EB5NF168840.pdf,
TESLA,020218,5YJ3E1EC6MF020218,2021,Tesla,Model 3,Performance Sedan 4D,Performance AWD,Electric,Single-speed,AWD,ELECTRIC,,,Not listed,62146,,Available,0,https://www.luxautomotivellc.com/inventory/tesla/model-3/020218/,5.77,,,Good,84.8,315,,https://www.fueleconomy.gov/feg/noframes/43402.shtml,,,,27600,26200,29000,9,High,,,https://www.autotrader.com/cars-for-sale/vehicle/792049090 https://www.autotrader.com/cars-for-sale/vehicle/792925963 https://www.autotrader.com/cars-for-sale/vehicle/782894097 https://www.autotrader.com/cars-for-sale/vehicle/790940033 https://www.autotrader.com/cars-for-sale/vehicle/788943423 https://www.autotrader.com/cars-for-sale/vehicle/791134774 https://www.autotrader.com/cars-for-sale/vehicle/792422940 https://www.autotrader.com/cars-for-sale/vehicle/792209319 https://www.autotrader.com/cars-for-sale/vehicle/793209994,24500,22800,26200,2026-10-10,,Warm,45,High,comps=17; comps_with_days=17; local_supply=13; local_radius=250; median_days=23; price_cut_share=65; mmr_transactions=11; median_vs_kbb_pct=-7.8,1,0,1-Owner | No Accidents | Personal use | Service records 22,26020,Original warranty estimated to have expired.,Personal,https://luxrepair2025-rgb.github.io/lux-tesla-battery/carfax/5YJ3E1EC6MF020218.pdf,
TESLA,377806,7SAYGDEE0NF377806,2022,Tesla,Model Y,Long Range Sport Utility 4D,Long Range AWD,Electric,Single-speed,AWD,ELECTRIC,,Blue,Black,135196,21995.0,Available,27,https://www.luxautomotivellc.com/inventory/tesla/model-y/377806/,4.77,,,Good,84.5,330,,https://www.fueleconomy.gov/feg/noframes/45018.shtml,,,,20200,19600,22100,7,Medium,1795,8.9,https://www.autotrader.com/cars-for-sale/vehicle/790917083 https://www.autotrader.com/cars-for-sale/vehicle/787516060 https://www.autotrader.com/cars-for-sale/vehicle/792075356 https://www.autotrader.com/cars-for-sale/vehicle/793195963 https://www.autotrader.com/cars-for-sale/vehicle/792974013 https://www.autotrader.com/cars-for-sale/vehicle/791616299 https://www.autotrader.com/cars-for-sale/vehicle/791367858,18650,17250,20100,2026-10-10,17.9,Hot,75,High,comps=45; comps_with_days=45; local_supply=24; local_radius=250; median_days=21; price_cut_share=44; mmr_transactions=92; median_vs_kbb_pct=-5.5,1,0,1-Owner | No Accidents | Personal use | Service records 9,21130,Original warranty estimated to have expired.,Personal,https://luxrepair2025-rgb.github.io/lux-tesla-battery/carfax/7SAYGDEE0NF377806.pdf,
TESLA,741728,5YJ3E1EBXLF741728,2020,Tesla,Model 3,Long Range Sedan 4D,Long Range AWD,Electric,Single-speed,AWD,ELECTRIC,,Black,Black,106036,18995.0,Available,30,https://www.luxautomotivellc.com/inventory/tesla/model-3/741728/,6.77,,,Good,84.0,322,,https://www.fueleconomy.gov/feg/noframes/42275.shtml,,,,19900,18300,20600,8,Medium,-905,-4.5,https://www.autotrader.com/cars-for-sale/vehicle/790973119 https://www.autotrader.com/cars-for-sale/vehicle/787130292 https://www.autotrader.com/cars-for-sale/vehicle/792750843 https://www.autotrader.com/cars-for-sale/vehicle/783038831 https://www.autotrader.com/cars-for-sale/vehicle/790419215 https://www.autotrader.com/cars-for-sale/vehicle/790964055 https://www.autotrader.com/cars-for-sale/vehicle/792216485 https://www.autotrader.com/cars-for-sale/vehicle/792748076,16050,14600,17500,2026-10-10,18.3,Hot,69,High,comps=16; comps_with_days=16; local_supply=9; local_radius=250; median_days=24; price_cut_share=56; mmr_transactions=54; median_vs_kbb_pct=-3.0,2,2,2 Owners | Minor Damage | Accident reported (severity not stated) | Personal use | Service records 22,18380,Original warranty estimated to have expired.,Personal,https://luxrepair2025-rgb.github.io/lux-tesla-battery/carfax/5YJ3E1EBXLF741728.pdf,
TESLA,438443,5YJSA1E68MF438443,2021,Tesla,Model S,Plaid Sedan 4D,Plaid AWD,Electric,Single-speed,AWD,ELECTRIC,,Red,Black,89855,47495.0,Available,31,https://www.luxautomotivellc.com/inventory/tesla/model-s/438443/,5.77,,,Good,83.4,348,,https://www.fueleconomy.gov/feg/noframes/44069.shtml,,,,44100,43600,46800,6,Medium,3395,7.7,https://www.autotrader.com/cars-for-sale/vehicle/788922777 https://www.autotrader.com/cars-for-sale/vehicle/792060257 https://www.autotrader.com/cars-for-sale/vehicle/792579027 https://www.autotrader.com/cars-for-sale/vehicle/783238723 https://www.autotrader.com/cars-for-sale/vehicle/791216853 https://www.autotrader.com/cars-for-sale/vehicle/789592731,44300,39900,48700,2026-10-10,7.2,Warm,48,High,comps=17; comps_with_days=17; local_supply=10; local_radius=250; median_days=26; price_cut_share=65; mmr_transactions=14; median_vs_kbb_pct=-5.4,1,1,1-Owner | Minor Damage | Personal use | Service records 6,49930,Original warranty estimated to have expired.,Personal,https://luxrepair2025-rgb.github.io/lux-tesla-battery/carfax/5YJSA1E68MF438443.pdf,
TESLA,192141,5YJYGAEEXMF192141,2021,Tesla,Model Y,Long Range Sport Utility 4D,Long Range AWD,Electric,Single-speed,AWD,ELECTRIC,,White,Black,153819,20995.0,Available,31,https://www.luxautomotivellc.com/inventory/tesla/model-y/192141/,5.77,,,Good,83.0,326,,https://www.fueleconomy.gov/feg/noframes/43406.shtml,,,,18300,16500,19700,11,Medium,2695,14.7,https://www.autotrader.com/cars-for-sale/vehicle/783755192 https://www.autotrader.com/cars-for-sale/vehicle/787630933 https://www.autotrader.com/cars-for-sale/vehicle/782921393 https://www.autotrader.com/cars-for-sale/vehicle/788561021 https://www.autotrader.com/cars-for-sale/vehicle/790734108 https://www.autotrader.com/cars-for-sale/vehicle/783275063 https://www.autotrader.com/cars-for-sale/vehicle/791433377 https://www.autotrader.com/cars-for-sale/vehicle/789258783 https://www.autotrader.com/cars-for-sale/vehicle/789205162 https://www.autotrader.com/cars-for-sale/vehicle/792477862 https://www.autotrader.com/cars-for-sale/vehicle/790939555,15500,14300,16700,2026-10-10,35.5,Hot,74,High,comps=59; comps_with_days=58; local_supply=38; local_radius=250; median_days=20; price_cut_share=47; mmr_transactions=100; median_vs_kbb_pct=-2.3,1,0,1-Owner | No Accidents | Personal use | Service records 9,17190,Original warranty estimated to have expired.,Personal,https://luxrepair2025-rgb.github.io/lux-tesla-battery/carfax/5YJYGAEEXMF192141.pdf,
TESLA,636924,5YJ3E1EB0LF636924,2020,Tesla,Model 3,Long Range Sedan 4D,Long Range AWD,Electric,Single-speed,AWD,ELECTRIC,,White,Black,134479,16495.0,Available,30,https://www.luxautomotivellc.com/inventory/tesla/model-3/636924/,6.77,,,Good,82.9,322,,https://www.fueleconomy.gov/feg/noframes/42275.shtml,,,,17000,15500,18100,12,Medium,-505,-3.0,https://www.autotrader.com/cars-for-sale/vehicle/787130292 https://www.autotrader.com/cars-for-sale/vehicle/792750843 https://www.autotrader.com/cars-for-sale/vehicle/790973119 https://www.autotrader.com/cars-for-sale/vehicle/783038831 https://www.autotrader.com/cars-for-sale/vehicle/790419215 https://www.autotrader.com/cars-for-sale/vehicle/790964055 https://www.autotrader.com/cars-for-sale/vehicle/792747460 https://www.autotrader.com/cars-for-sale/vehicle/792748076 https://www.autotrader.com/cars-for-sale/vehicle/792216485 https://www.autotrader.com/cars-for-sale/vehicle/789009337 https://www.autotrader.com/cars-for-sale/vehicle/791340312 https://www.autotrader.com/cars-for-sale/vehicle/792320261,13300,12100,14450,2026-10-10,24.0,Warm,59,High,comps=16; comps_with_days=16; local_supply=9; local_radius=250; median_days=24; price_cut_share=56; mmr_transactions=25; median_vs_kbb_pct=-3.0,1,0,1-Owner | No Accidents | Personal use | Service records 13,17490,Original warranty estimated to have expired.,Personal,https://luxrepair2025-rgb.github.io/lux-tesla-battery/carfax/5YJ3E1EB0LF636924.pdf,
ICE,308309,WDCYC7HJ6KX308309,2019,Mercedes-Benz,Mercedes-AMG G-Class,G 63 AMG Sport Utility 4D,G 63 AMG,"V8, Twin Turbo, 4.0 Liter",Automatic,AWD,GASOLINE,SUV,Black,Red,76346,105995.0,Available,40,https://www.luxautomotivellc.com/inventory/mercedes-benz/mercedes-amg-g-class/308309/,7.77,9826,-27,,,,13/15/14,https://www.fueleconomy.gov/feg/noframes/41210.shtml,8,6,"New vehicle 4 yr / 50,000 mi: Likely expired",105000,102700,105400,5,Medium,995,0.9,https://www.autotrader.com/cars-for-sale/vehicle/792284584 https://www.autotrader.com/cars-for-sale/vehicle/775811288 https://www.autotrader.com/cars-for-sale/vehicle/786516634 https://www.autotrader.com/cars-for-sale/vehicle/786214811 https://www.autotrader.com/cars-for-sale/vehicle/777844182,90200,86400,93900,2026-10-10,17.5,Cool,30,High,comps=15; comps_with_days=15; local_supply=10; local_radius=250; national_supply=70; median_days=62; price_cut_share=53; mmr_transactions=7; median_vs_kbb_pct=-3.3,5,1,5 Owners | Minor Damage | Personal Lease / Personal use | Service records 36,111970,Warranty Expired,"Personal Lease, Personal",https://luxrepair2025-rgb.github.io/lux-tesla-battery/carfax/WDCYC7HJ6KX308309.pdf,
ICE,597556,3C63RRNL5PG597556,2023,RAM,3500 Mega Cab,Longhorn Pickup 4D 6 1/3 FT,Longhorn,"6-Cyl, HO, Turbo Diesel, 6.7 Liter",Automatic,4WD,DIESEL,Pickup,Black,Brown,50199,67295.0,Available,48,https://www.luxautomotivellc.com/inventory/ram/3500-mega-cab/597556/,3.77,13315,-1,,,,"Not EPA-rated (heavy-duty, over 8,500 lb GVWR)",,5,17,"Basic 3 yr / 36,000 mi: Likely expired | Powertrain 5 yr / 60,000 mi: Likely active | Cummins diesel engine 5 yr / 100,000 mi: Likely active",54000,49600,65300,12,Medium,13295,24.6,https://www.autotrader.com/cars-for-sale/vehicle/783674790 https://www.autotrader.com/cars-for-sale/vehicle/770453110 https://www.autotrader.com/cars-for-sale/vehicle/786607097 https://www.autotrader.com/cars-for-sale/vehicle/790534793 https://www.autotrader.com/cars-for-sale/vehicle/791628456 https://www.autotrader.com/cars-for-sale/vehicle/780824168 https://www.autotrader.com/cars-for-sale/vehicle/792409105 https://www.autotrader.com/cars-for-sale/vehicle/784361659 https://www.autotrader.com/cars-for-sale/vehicle/790990123 https://www.autotrader.com/cars-for-sale/vehicle/789754197 https://www.autotrader.com/cars-for-sale/vehicle/785096570 https://www.autotrader.com/cars-for-sale/vehicle/782299136,66400,62400,70400,2026-10-10,1.3,Cool,39,High,comps=127; comps_with_days=127; local_supply=63; local_radius=250; national_supply=361; median_days=36; price_cut_share=51; mmr_transactions=6; median_vs_kbb_pct=-0.9,1,0,1-Owner | No Accidents | Personal use | Good Reliability | Service records 26,70070,Warranty Expired,Personal,https://luxrepair2025-rgb.github.io/lux-tesla-battery/carfax/3C63RRNL5PG597556.pdf,
ICE,N36485,WBS33AZ08RCN36485,2024,BMW,M4,Competition Coupe 2D,Competition,"6-Cyl, Twin Turbo, 3.0 Liter",Automatic,RWD,GASOLINE,Coupe,Isle Of Man Green,Kyalami Orange,50339,65195.0,SOLD,43,https://www.luxautomotivellc.com/inventory/bmw/m4/n36485/,2.77,18173,35,,,,16/23/19,https://www.fueleconomy.gov/feg/noframes/46471.shtml,0,2,"New vehicle 4 yr / 50,000 mi: Likely expired",75700,74000,79000,5,Low,-10505,-13.9,https://www.autotrader.com/cars-for-sale/vehicle/790023128 https://www.autotrader.com/cars-for-sale/vehicle/792650202 https://www.autotrader.com/cars-for-sale/vehicle/791061272 https://www.autotrader.com/cars-for-sale/vehicle/792915024 https://www.autotrader.com/cars-for-sale/vehicle/785148650,58200,54300,62100,2026-10-09,12.0,Warm,49,Low,comps=5; comps_with_days=5; local_supply=5; local_radius=250; national_supply=32; median_days=24; price_cut_share=40; mmr_transactions=7; median_vs_kbb_pct=-3.9,1,1,1-Owner | Minor Damage | Personal use | Service records 31,68540,Warranty Expired,Personal,https://luxrepair2025-rgb.github.io/lux-tesla-battery/carfax/WBS33AZ08RCN36485.pdf,
ICE,931703,W1KZF8KB7MA931703,2021,Mercedes-Benz,Mercedes-AMG E-Class,E 63 S AMG Sedan 4D,E 63 S AMG,"V8, Twin Turbo, 4.0 Liter",Automatic,AWD,GASOLINE,Sedan,Black,Black,53417,60995.0,Available,41,https://www.luxautomotivellc.com/inventory/mercedes-benz/mercedes-amg-e-class/931703/,5.77,9258,-31,,,,16/23/18,https://www.fueleconomy.gov/feg/noframes/43537.shtml,6,20,"New vehicle 4 yr / 50,000 mi: Likely expired",65400,56200,65400,5,Medium,-4405,-6.7,https://www.autotrader.com/cars-for-sale/vehicle/792312341 https://www.autotrader.com/cars-for-sale/vehicle/787427192 https://www.autotrader.com/cars-for-sale/vehicle/777605316 https://www.autotrader.com/cars-for-sale/vehicle/790488350 https://www.autotrader.com/cars-for-sale/vehicle/791714718,53600,52300,54800,2026-10-10,13.8,Cool,38,Low,comps=5; comps_with_days=5; local_supply=4; local_radius=250; national_supply=21; median_days=30; price_cut_share=60; mmr_transactions=7; median_vs_kbb_pct=-2.6,3,1,3 Owners | Accident reported (severity not stated) | Personal use | Great Reliability | Service records 86,74540,Warranty Expired,Personal,https://luxrepair2025-rgb.github.io/lux-tesla-battery/carfax/W1KZF8KB7MA931703.pdf,
ICE,C20916,1FT8W3DT3PEC20916,2023,Ford,F350 Super Duty Crew Cab,Lariat Pickup 4D 8 FT,Lariat,"V8, Turbo Diesel, 6.7 Liter",Automatic,4WD,DIESEL,Pickup,Gray,Black,136233,52995.0,Available,37,https://www.luxautomotivellc.com/inventory/ford/f350-super-duty-crew-cab/c20916/,3.77,36136,168,,,,"Not EPA-rated (heavy-duty, over 8,500 lb GVWR)",,15,41,"Bumper-to-bumper 3 yr / 36,000 mi: Likely expired | Powertrain 5 yr / 60,000 mi: Likely expired | Power Stroke diesel engine 5 yr / 100,000 mi: Likely expired",52800,52300,59000,6,Medium,195,0.4,https://www.autotrader.com/cars-for-sale/vehicle/791528327 https://www.autotrader.com/cars-for-sale/vehicle/792676807 https://www.autotrader.com/cars-for-sale/vehicle/789737467 https://www.autotrader.com/cars-for-sale/vehicle/781308446 https://www.autotrader.com/cars-for-sale/vehicle/792756577 https://www.autotrader.com/cars-for-sale/vehicle/773892964,45600,42900,48300,2026-10-10,16.2,Warm,46,High,comps=71; comps_with_days=71; local_supply=37; local_radius=250; national_supply=600; median_days=21; price_cut_share=46; mmr_transactions=7; median_vs_kbb_pct=-2.4,1,1,1-Owner | Minor Damage | Open Recall | Personal use | Service records 8,56020,Warranty Expired,Personal,https://luxrepair2025-rgb.github.io/lux-tesla-battery/carfax/1FT8W3DT3PEC20916.pdf,
ICE,082970,SCBFT7ZA7DC082970,2013,Bentley,Continental,GT Coupe 2D,GT,"V8, Twin Turbo, 4.0 Liter",Automatic,AWD,GASOLINE,Coupe,Black,Black,57556,47295.0,Available,37,https://www.luxautomotivellc.com/inventory/bentley/continental/082970/,13.77,4180,-69,,,,14/24/18,https://www.fueleconomy.gov/feg/noframes/32362.shtml,0,0,,48600,41000,50400,6,Medium,-1305,-2.7,https://www.autotrader.com/cars-for-sale/vehicle/791070452 https://www.autotrader.com/cars-for-sale/vehicle/790866749 https://www.autotrader.com/cars-for-sale/vehicle/776355332 https://www.autotrader.com/cars-for-sale/vehicle/793124431 https://www.autotrader.com/cars-for-sale/vehicle/787560475 https://www.autotrader.com/cars-for-sale/vehicle/791070479,38800,35900,41800,2026-10-10,21.9,Warm,60,Medium,comps=14; comps_with_days=14; local_supply=14; local_radius=250; national_supply=43; median_days=24; price_cut_share=21; mmr_transactions=7; median_vs_kbb_pct=-6.0,3,0,3 Owners | No Accidents | Personal Lease / Lease / Personal use | Service records 29,48770,Warranty Expired,"Personal Lease, Lease, Personal",https://luxrepair2025-rgb.github.io/lux-tesla-battery/carfax/SCBFT7ZA7DC082970.pdf,
ICE,004344,WDD7X6BB8KA004344,2019,Mercedes-Benz,AMG GT,Sedan 4D AMG GT 53 AWD 3.0L V6 Turbo,AMG GT 53 AWD 3.0L V6 Turbo,V6 3.0L Gasoline Turbo,,AWD,GASOLINE,Sedan,White,Black,86027,43295.0,Available,36,https://www.luxautomotivellc.com/inventory/mercedes-benz/amg-gt/004344/,7.77,11072,-18,,,,19/24/21,https://www.fueleconomy.gov/feg/noframes/41253.shtml,2,6,"New vehicle 4 yr / 50,000 mi: Likely expired",39100,38800,58000,7,Medium,4195,10.7,https://www.autotrader.com/cars-for-sale/vehicle/790406826 https://www.autotrader.com/cars-for-sale/vehicle/792319345 https://www.autotrader.com/cars-for-sale/vehicle/778234429 https://www.autotrader.com/cars-for-sale/vehicle/789672066 https://www.autotrader.com/cars-for-sale/vehicle/791837893 https://www.autotrader.com/cars-for-sale/vehicle/791802452 https://www.autotrader.com/cars-for-sale/vehicle/792443758,33000,29100,36900,2026-10-10,31.2,Cool,35,High,comps=29; comps_with_days=29; local_supply=12; local_radius=250; national_supply=78; median_days=41; price_cut_share=59; mmr_transactions=7; median_vs_kbb_pct=-0.1,4,1,4 Owners | Minor Damage | Personal Lease / Personal / Lease use | Service records 104,52340,Warranty Expired,"Personal Lease, Personal, Lease",https://luxrepair2025-rgb.github.io/lux-tesla-battery/carfax/WDD7X6BB8KA004344.pdf,
ICE,016415,WA1AWBF73MD016415,2021,Audi,SQ7,Premium Plus Sport Utility 4D,Premium Plus,"V8, Twin Turbo, 4.0 Liter",Automatic,AWD,GASOLINE,SUV,Gray,Red,79423,37295.0,Available,41,https://www.luxautomotivellc.com/inventory/audi/sq7/016415/,5.77,13765,2,,,,15/21/17,https://www.fueleconomy.gov/feg/noframes/43028.shtml,6,6,"New vehicle 4 yr / 50,000 mi: Likely expired",34500,34500,38400,5,Medium,2795,8.1,https://www.autotrader.com/cars-for-sale/vehicle/792665224 https://www.autotrader.com/cars-for-sale/vehicle/790421121 https://www.autotrader.com/cars-for-sale/vehicle/784033793 https://www.autotrader.com/cars-for-sale/vehicle/775970376 https://www.autotrader.com/cars-for-sale/vehicle/791352469,32500,31000,34100,2026-10-10,14.8,Warm,55,Low,comps=6; comps_with_days=6; local_supply=4; local_radius=250; national_supply=35; median_days=26; price_cut_share=33; mmr_transactions=8; median_vs_kbb_pct=-5.7,2,0,2 Owners | No Accidents | Personal Lease / Personal use | Service records 40,41140,Warranty Expired,"Personal Lease, Personal",https://luxrepair2025-rgb.github.io/lux-tesla-battery/carfax/WA1AWBF73MD016415.pdf,
ICE,C17123,1FT8W3BT1LEC17123,2020,Ford,F350 Super Duty Crew Cab,Lariat Pickup 4D 6 3/4 FT,Lariat,"V8, Turbo Diesel, 6.7 Liter",Automatic,4WD,DIESEL,Pickup,White,Black,187322,34995.0,Available,37,https://www.luxautomotivellc.com/inventory/ford/f350-super-duty-crew-cab/c17123/,6.77,27669,105,,,,"Not EPA-rated (heavy-duty, over 8,500 lb GVWR)",,2,181,"Bumper-to-bumper 3 yr / 36,000 mi: Likely expired | Powertrain 5 yr / 60,000 mi: Likely expired | Power Stroke diesel engine 5 yr / 100,000 mi: Likely expired",34900,34400,38400,7,Medium,95,0.3,https://www.autotrader.com/cars-for-sale/vehicle/787245296 https://www.autotrader.com/cars-for-sale/vehicle/787378898 https://www.autotrader.com/cars-for-sale/vehicle/793120516 https://www.autotrader.com/cars-for-sale/vehicle/785096681 https://www.autotrader.com/cars-for-sale/vehicle/785096566 https://www.autotrader.com/cars-for-sale/vehicle/792982103 https://www.autotrader.com/cars-for-sale/vehicle/792123762,26900,25300,28500,2026-10-10,30.1,Warm,46,High,comps=71; comps_with_days=71; local_supply=37; local_radius=250; national_supply=449; median_days=21; price_cut_share=46; mmr_transactions=7; median_vs_kbb_pct=-2.4,1,0,1-Owner | No Accidents | Personal use | Good Reliability | Service records 82,38580,Warranty Expired,Personal,https://luxrepair2025-rgb.github.io/lux-tesla-battery/carfax/1FT8W3BT1LEC17123.pdf,
ICE,210240,1GT49REY0LF210240,2020,GMC,Sierra 2500 HD Crew Cab,Denali Pickup 4D 6 1/2 FT,Denali,"V8, Turbo Diesel, 6.6 Liter",Automatic,4WD,DIESEL,Pickup,White,Black,209043,32495.0,Available,37,https://www.luxautomotivellc.com/inventory/gmc/sierra-2500-hd-crew-cab/210240/,6.77,30878,129,,,,"Not EPA-rated (heavy-duty, over 8,500 lb GVWR)",,9,77,"Bumper-to-bumper 3 yr / 36,000 mi: Likely expired | Powertrain 5 yr / 60,000 mi: Likely expired | Duramax diesel engine 5 yr / 100,000 mi: Likely expired",37900,37900,39800,7,Medium,-5405,-14.3,https://www.autotrader.com/cars-for-sale/vehicle/789046343 https://www.autotrader.com/cars-for-sale/vehicle/792920107 https://www.autotrader.com/cars-for-sale/vehicle/792361752 https://www.autotrader.com/cars-for-sale/vehicle/792800979 https://www.autotrader.com/cars-for-sale/vehicle/792054467 https://www.autotrader.com/cars-for-sale/vehicle/777123218 https://www.autotrader.com/cars-for-sale/vehicle/792518313,26000,23700,28300,2026-10-10,25.0,Warm,55,High,comps=67; comps_with_days=67; local_supply=43; local_radius=250; national_supply=403; median_days=27; price_cut_share=58; mmr_transactions=21; median_vs_kbb_pct=2.1,1,0,1-Owner | No Accidents | Personal use | Service records 96,36790,Warranty Expired,Personal,https://luxrepair2025-rgb.github.io/lux-tesla-battery/carfax/1GT49REY0LF210240.pdf,
ICE,P51455,5UXCR4C0XP9P51455,2023,BMW,X5,sDrive40i Sport Utility 4D,sDrive40i,"6-Cyl, Turbo, 3.0 Liter",Automatic,RWD,GASOLINE,SUV,Gray,Black,60067,29995.0,Available,36,https://www.luxautomotivellc.com/inventory/bmw/x5/p51455/,3.77,15933,18,,,,21/26/23,https://www.fueleconomy.gov/feg/noframes/45562.shtml,4,33,"New vehicle 4 yr / 50,000 mi: Likely expired",33700,31000,35200,12,Medium,-3705,-11.0,https://www.autotrader.com/cars-for-sale/vehicle/780019913 https://www.autotrader.com/cars-for-sale/vehicle/787727843 https://www.autotrader.com/cars-for-sale/vehicle/791859708 https://www.autotrader.com/cars-for-sale/vehicle/792893459 https://www.autotrader.com/cars-for-sale/vehicle/789660348 https://www.autotrader.com/cars-for-sale/vehicle/784179596 https://www.autotrader.com/cars-for-sale/vehicle/761981993 https://www.autotrader.com/cars-for-sale/vehicle/790386798 https://www.autotrader.com/cars-for-sale/vehicle/785482923 https://www.autotrader.com/cars-for-sale/vehicle/790699527 https://www.autotrader.com/cars-for-sale/vehicle/789726066 https://www.autotrader.com/cars-for-sale/vehicle/788546933,27800,26200,29400,2026-10-10,7.9,Warm,52,High,comps=45; comps_with_days=45; local_supply=34; local_radius=250; national_supply=708; median_days=32; price_cut_share=76; mmr_transactions=19; median_vs_kbb_pct=-0.3,2,1,2 Owners | Minor Damage | Rental history | Good Reliability | Service records 21,31500,Warranty Expired,"Rental, Personal",https://luxrepair2025-rgb.github.io/lux-tesla-battery/carfax/5UXCR4C0XP9P51455.pdf,
ICE,176949,1GC4YPEY7LF176949,2020,Chevrolet,Silverado 2500 HD Crew Cab,LTZ Pickup 4D 6 1/2 FT,LTZ,"V8, Turbo Diesel, 6.6 Liter",Automatic,4WD,DIESEL,Pickup,White,Black,191583,29295.0,Available,35,https://www.luxautomotivellc.com/inventory/chevrolet/silverado-2500-hd-crew-cab/176949/,6.77,28299,110,,,,"Not EPA-rated (heavy-duty, over 8,500 lb GVWR)",,10,108,"Bumper-to-bumper 3 yr / 36,000 mi: Likely expired | Powertrain 5 yr / 60,000 mi: Likely expired | Duramax diesel engine 5 yr / 100,000 mi: Likely expired",37200,34000,37300,8,High,-7905,-21.2,https://www.autotrader.com/cars-for-sale/vehicle/792318975 https://www.autotrader.com/cars-for-sale/vehicle/788280090 https://www.autotrader.com/cars-for-sale/vehicle/792437021 https://www.autotrader.com/cars-for-sale/vehicle/792814357 https://www.autotrader.com/cars-for-sale/vehicle/791748772 https://www.autotrader.com/cars-for-sale/vehicle/790988891 https://www.autotrader.com/cars-for-sale/vehicle/793062967 https://www.autotrader.com/cars-for-sale/vehicle/791362526,25500,22900,28200,2026-10-10,14.9,Warm,55,High,comps=47; comps_with_days=47; local_supply=15; local_radius=250; national_supply=655; median_days=26; price_cut_share=51; mmr_transactions=16; median_vs_kbb_pct=-3.4,1,0,1-Owner | No Accidents | Corporate history | Good Reliability | Service records 72,34310,Warranty Expired,Corporate,https://luxrepair2025-rgb.github.io/lux-tesla-battery/carfax/1GC4YPEY7LF176949.pdf,
ICE,525467,1GCUDEET7NZ525467,2022,Chevrolet,Silverado 1500 Crew Cab,RST Pickup 4D 5 3/4 FT,RST,"6-Cyl, Turbo Diesel, 3.0 Liter",Automatic,4WD,DIESEL,Pickup,Silver,Black,107703,27995.0,SOLD,39,https://www.luxautomotivellc.com/inventory/chevrolet/silverado-1500-crew-cab/525467/,4.77,22579,67,,,,22/26/24,https://www.fueleconomy.gov/feg/noframes/44582.shtml,6,639,"Bumper-to-bumper 3 yr / 36,000 mi: Likely expired | Powertrain 5 yr / 60,000 mi: Likely expired | Duramax diesel engine 5 yr / 100,000 mi: Likely expired",30600,26600,33300,7,Low,-2605,-8.5,https://www.autotrader.com/cars-for-sale/vehicle/786837181 https://www.autotrader.com/cars-for-sale/vehicle/783848783 https://www.autotrader.com/cars-for-sale/vehicle/789933992 https://www.autotrader.com/cars-for-sale/vehicle/786116018 https://www.autotrader.com/cars-for-sale/vehicle/790632412 https://www.autotrader.com/cars-for-sale/vehicle/786156645 https://www.autotrader.com/cars-for-sale/vehicle/792464248,25700,24300,27100,2026-10-09,8.9,Cool,33,Low,comps=7; comps_with_days=7; local_supply=6; local_radius=250; national_supply=4803; median_days=50; price_cut_share=71; mmr_transactions=8; median_vs_kbb_pct=4.1,3,0,3 Owners | No Accidents | Open Recall | Personal use | Service records 18,33100,Warranty Expired,Personal,https://luxrepair2025-rgb.github.io/lux-tesla-battery/carfax/1GCUDEET7NZ525467.pdf,
ICE,SENAD123,SALGS5RE6KA548305,2019,Land Rover,Range Rover,Supercharged LWB Sport Utility 4D,Supercharged LWB,"V8, Supercharged, 5.0 Liter",Automatic,4WD,GASOLINE,SUV,Black,Black,97358,26495.0,Available,37,https://www.luxautomotivellc.com/inventory/land-rover/range-rover/senad123/,7.77,12530,-7,,,,13/19/15,https://www.fueleconomy.gov/feg/noframes/40678.shtml,3,15,"New vehicle 4 yr / 50,000 mi: Likely expired",25700,24100,26300,12,High,795,3.1,https://www.autotrader.com/cars-for-sale/vehicle/789576642 https://www.autotrader.com/cars-for-sale/vehicle/790989390 https://www.autotrader.com/cars-for-sale/vehicle/787293893 https://www.autotrader.com/cars-for-sale/vehicle/786433940 https://www.autotrader.com/cars-for-sale/vehicle/786322254 https://www.autotrader.com/cars-for-sale/vehicle/791629926 https://www.autotrader.com/cars-for-sale/vehicle/790341126 https://www.autotrader.com/cars-for-sale/vehicle/791954914 https://www.autotrader.com/cars-for-sale/vehicle/785599337 https://www.autotrader.com/cars-for-sale/vehicle/783271522 https://www.autotrader.com/cars-for-sale/vehicle/793051020 https://www.autotrader.com/cars-for-sale/vehicle/793089154,21600,19700,23500,2026-10-10,22.7,Warm,45,High,comps=19; comps_with_days=19; local_supply=9; local_radius=250; national_supply=248; median_days=32; price_cut_share=47; mmr_transactions=7; median_vs_kbb_pct=-3.4,2,0,2 Owners | No Accidents | Personal use | Service records 63,29260,Warranty Expired,Personal,https://luxrepair2025-rgb.github.io/lux-tesla-battery/carfax/SALGS5RE6KA548305.pdf,
ICE,110624,1C6JJTBG6LL110624,2020,Jeep,Gladiator,Rubicon Pickup 4D 5 FT,Rubicon,"V6, VVT, 3.6 Liter",Automatic,4WD,GASOLINE,Pickup,Red,Black,93165,25495.0,SOLD,41,https://www.luxautomotivellc.com/inventory/jeep/gladiator/110624/,6.77,13761,2,,,,17/22/19,https://www.fueleconomy.gov/feg/noframes/41362.shtml,7,483,"Basic 3 yr / 36,000 mi: Likely expired | Powertrain 5 yr / 60,000 mi: Likely expired",27100,26000,28900,12,High,-1605,-5.9,https://www.autotrader.com/cars-for-sale/vehicle/792527052 https://www.autotrader.com/cars-for-sale/vehicle/791799730 https://www.autotrader.com/cars-for-sale/vehicle/792152313 https://www.autotrader.com/cars-for-sale/vehicle/782116154 https://www.autotrader.com/cars-for-sale/vehicle/790119162 https://www.autotrader.com/cars-for-sale/vehicle/793086994 https://www.autotrader.com/cars-for-sale/vehicle/791111959 https://www.autotrader.com/cars-for-sale/vehicle/774781149 https://www.autotrader.com/cars-for-sale/vehicle/791488292 https://www.autotrader.com/cars-for-sale/vehicle/784690990 https://www.autotrader.com/cars-for-sale/vehicle/792854760 https://www.autotrader.com/cars-for-sale/vehicle/792699951,23000,21200,24800,2026-10-09,10.8,Hot,67,High,comps=33; comps_with_days=33; local_supply=26; local_radius=250; national_supply=1204; median_days=19; price_cut_share=67; mmr_transactions=56; median_vs_kbb_pct=1.0,2,1,2 Owners | Minor Damage | Personal Lease / Personal use | Good Reliability | Regular Oil Changes | Service records 19,28310,Warranty Expired,"Personal Lease, Personal",https://luxrepair2025-rgb.github.io/lux-tesla-battery/carfax/1C6JJTBG6LL110624.pdf,
ICE,230288,3C6UR5NL6GG230288,2016,RAM,2500 Mega Cab,Laramie Pickup 4D 6 1/3 FT,Laramie,"6-Cyl, Turbo DSL, 6.7L",Automatic,4WD,DIESEL,Pickup,Black,Black,156446,24995.0,Available,32,https://www.luxautomotivellc.com/inventory/ram/2500-mega-cab/230288/,10.77,14526,8,,,,"Not EPA-rated (heavy-duty, over 8,500 lb GVWR)",,14,258,"Basic 3 yr / 36,000 mi: Likely expired | Powertrain 5 yr / 60,000 mi: Likely expired | Cummins diesel engine 5 yr / 100,000 mi: Likely expired",36900,36900,39700,6,Medium,-11905,-32.3,https://www.autotrader.com/cars-for-sale/vehicle/788068922 https://www.autotrader.com/cars-for-sale/vehicle/792329109 https://www.autotrader.com/cars-for-sale/vehicle/789013938 https://www.autotrader.com/cars-for-sale/vehicle/790888352 https://www.autotrader.com/cars-for-sale/vehicle/790703262 https://www.autotrader.com/cars-for-sale/vehicle/792048230,22900,21000,24800,2026-10-10,9.1,Warm,41,High,comps=93; comps_with_days=93; local_supply=56; local_radius=250; national_supply=406; median_days=19; price_cut_share=55; mmr_transactions=7; median_vs_kbb_pct=0.3,1,1,1-Owner | Minor Damage | Open Recall | Personal use | Service records 8,32650,Warranty Expired,Personal,https://luxrepair2025-rgb.github.io/lux-tesla-battery/carfax/3C6UR5NL6GG230288.pdf,
ICE,356660,WDDZF6EB5JA356660,2018,Mercedes-Benz,Mercedes-AMG E-Class,E 43 AMG Sedan 4D,E 43 AMG,"V6, Twin Turbo, 3.0 Liter",Automatic,AWD,GASOLINE,Sedan,Black,Red,89313,21495.0,Available,37,https://www.luxautomotivellc.com/inventory/mercedes-benz/mercedes-amg-e-class/356660/,8.77,10184,-25,,,,19/25/21,https://www.fueleconomy.gov/feg/noframes/39232.shtml,3,68,"New vehicle 4 yr / 50,000 mi: Likely expired",22800,15500,25300,7,Medium,-1305,-5.7,https://www.autotrader.com/cars-for-sale/vehicle/792606927 https://www.autotrader.com/cars-for-sale/vehicle/790458131 https://www.autotrader.com/cars-for-sale/vehicle/792386812 https://www.autotrader.com/cars-for-sale/vehicle/792802025 https://www.autotrader.com/cars-for-sale/vehicle/788818680 https://www.autotrader.com/cars-for-sale/vehicle/783719974 https://www.autotrader.com/cars-for-sale/vehicle/790147089,19700,18100,21300,2026-10-10,9.1,Warm,48,Low,comps=7; comps_with_days=7; local_supply=4; local_radius=250; national_supply=21; median_days=31; price_cut_share=43; mmr_transactions=7; median_vs_kbb_pct=-0.9,3,0,3 Owners | No Accidents | Personal use | Good Reliability | Service records 31,25220,Warranty Expired,Personal,https://luxrepair2025-rgb.github.io/lux-tesla-battery/carfax/WDDZF6EB5JA356660.pdf,
ICE,079302,WA1EAAFY8N2079302,2022,Audi,Q5,45 TFSI S Line Premium Plus Sport Utility 4D,45 TFSI S Line Premium Plus,"4-Cyl, Turbo, 2.0 Liter",Automatic,AWD,GASOLINE,SUV,Black,Black,60944,19295.0,Available,34,https://www.luxautomotivellc.com/inventory/audi/q5/079302/,4.77,12777,-5,,,,23/28/25,https://www.fueleconomy.gov/feg/noframes/44143.shtml,4,45,"New vehicle 4 yr / 50,000 mi: Likely expired",22700,21000,23500,12,Medium,-3405,-15.0,https://www.autotrader.com/cars-for-sale/vehicle/790737918 https://www.autotrader.com/cars-for-sale/vehicle/786760389 https://www.autotrader.com/cars-for-sale/vehicle/792526877 https://www.autotrader.com/cars-for-sale/vehicle/792704812 https://www.autotrader.com/cars-for-sale/vehicle/790556930 https://www.autotrader.com/cars-for-sale/vehicle/790559893 https://www.autotrader.com/cars-for-sale/vehicle/790531012 https://www.autotrader.com/cars-for-sale/vehicle/792865784 https://www.autotrader.com/cars-for-sale/vehicle/791431618 https://www.autotrader.com/cars-for-sale/vehicle/790182526 https://www.autotrader.com/cars-for-sale/vehicle/792390840 https://www.autotrader.com/cars-for-sale/vehicle/789768975,17600,16350,18800,2026-10-10,9.6,Warm,55,High,comps=77; comps_with_days=77; local_supply=49; local_radius=250; national_supply=418; median_days=30; price_cut_share=73; mmr_transactions=22; median_vs_kbb_pct=-4.4,3,1,3 Owners | Minor Damage | Rental history | Good Reliability | Service records 37,23040,Warranty Expired,"Rental, Personal",https://luxrepair2025-rgb.github.io/lux-tesla-battery/carfax/WA1EAAFY8N2079302.pdf,
ICE,292239,1GC1KVEG0GF292239,2016,Chevrolet,Silverado 2500 HD Crew Cab,LT Pickup 4D 8 FT,LT,"V8, Flex Fuel, 6.0 Liter",Automatic,4WD,GASOLINE,Pickup,White,Black,142701,18495.0,SOLD,31,https://www.luxautomotivellc.com/inventory/chevrolet/silverado-2500-hd-crew-cab/292239/,10.77,13250,-2,,,,"Not EPA-rated (heavy-duty, over 8,500 lb GVWR)",,6,128,"Bumper-to-bumper 3 yr / 36,000 mi: Likely expired | Powertrain 5 yr / 60,000 mi: Likely expired",16100,16100,18900,4,Low,2395,14.9,https://www.autotrader.com/cars-for-sale/vehicle/785949312 https://www.autotrader.com/cars-for-sale/vehicle/793042106 https://www.autotrader.com/cars-for-sale/vehicle/786258922 https://www.autotrader.com/cars-for-sale/vehicle/792921515,15250,12650,17900,2026-10-09,21.3,Warm,51,Medium,comps=9; comps_with_days=9; local_supply=3; local_radius=250; national_supply=337; median_days=22; price_cut_share=44; mmr_transactions=9; median_vs_kbb_pct=5.0,1,0,1-Owner | No Accidents | Personal use | Great Reliability | Service records 24,25370,Warranty Expired,Personal,https://luxrepair2025-rgb.github.io/lux-tesla-battery/carfax/1GC1KVEG0GF292239.pdf,
ICE,104842,3C6UR4CJ8JG104842,2018,RAM,2500 Crew Cab,Tradesman Pickup 4D 6 1/3 FT,Tradesman,"V8, HEMI, 6.4 Liter",Automatic,2WD,GASOLINE,Pickup,Gray,Gray,105682,18295.0,Available,30,https://www.luxautomotivellc.com/inventory/ram/2500-crew-cab/104842/,8.77,12050,-11,,,,"Not EPA-rated (heavy-duty, over 8,500 lb GVWR)",,10,2600,"Basic 3 yr / 36,000 mi: Likely expired | Powertrain 5 yr / 60,000 mi: Likely expired",,,,2,Insufficient data,,,https://www.autotrader.com/cars-for-sale/vehicle/790458173 https://www.autotrader.com/cars-for-sale/vehicle/792627712,8500,6650,10350,2026-10-10,115.2,Warm,48,Medium,comps=13; comps_with_days=13; local_supply=8; local_radius=250; national_supply=732; median_days=25; price_cut_share=38; mmr_transactions=6; median_vs_kbb_pct=-10.6,5,1,5 Owners | Minor Damage | Open Recall | Personal use | Service records 8,21190,Warranty Expired,Personal,https://luxrepair2025-rgb.github.io/lux-tesla-battery/carfax/3C6UR4CJ8JG104842.pdf,
ICE,530962,2C4RC1GG0PR530962,2023,Chrysler,Pacifica,Limited Van 4D,Limited,"V6, 3.6 Liter",Automatic,FWD,GASOLINE,Van,Gray,Black,85614,18295.0,Available,43,https://www.luxautomotivellc.com/inventory/chrysler/pacifica/530962/,3.77,22709,68,,,,No confident EPA match on fueleconomy.gov,,14,154,"Basic 3 yr / 36,000 mi: Likely expired | Powertrain 5 yr / 60,000 mi: Likely expired",20300,19200,20700,12,High,-2005,-9.9,https://www.autotrader.com/cars-for-sale/vehicle/790586581 https://www.autotrader.com/cars-for-sale/vehicle/782670683 https://www.autotrader.com/cars-for-sale/vehicle/791303647 https://www.autotrader.com/cars-for-sale/vehicle/785737538 https://www.autotrader.com/cars-for-sale/vehicle/782367135 https://www.autotrader.com/cars-for-sale/vehicle/785737539 https://www.autotrader.com/cars-for-sale/vehicle/792376136 https://www.autotrader.com/cars-for-sale/vehicle/791998295 https://www.autotrader.com/cars-for-sale/vehicle/768993986 https://www.autotrader.com/cars-for-sale/vehicle/791420467 https://www.autotrader.com/cars-for-sale/vehicle/779905749 https://www.autotrader.com/cars-for-sale/vehicle/788606061,13950,13350,14500,2026-10-10,31.1,Warm,48,High,comps=24; comps_with_days=24; local_supply=22; local_radius=250; national_supply=2241; median_days=53; price_cut_share=83; mmr_transactions=25; median_vs_kbb_pct=2.1,1,1,1-Owner | Accident reported (severity not stated) | Rental history | Service records 7,20250,Warranty Expired,Rental,https://luxrepair2025-rgb.github.io/lux-tesla-battery/carfax/2C4RC1GG0PR530962.pdf,
ICE,319074,1GNSCCKC1HR319074,2017,Chevrolet,Tahoe,Premier Sport Utility 4D,Premier,"V8, Ecotec3, 5.3 Liter",Automatic,2WD,GASOLINE,SUV,Gray,Beige,134615,17295.0,Available,39,https://www.luxautomotivellc.com/inventory/chevrolet/tahoe/319074/,9.77,13778,2,,,,16/23/19,https://www.fueleconomy.gov/feg/noframes/37677.shtml,4,174,"Bumper-to-bumper 3 yr / 36,000 mi: Likely expired | Powertrain 5 yr / 60,000 mi: Likely expired",18500,18000,18800,8,High,-1205,-6.5,https://www.autotrader.com/cars-for-sale/vehicle/785039673 https://www.autotrader.com/cars-for-sale/vehicle/785187300 https://www.autotrader.com/cars-for-sale/vehicle/792341138 https://www.autotrader.com/cars-for-sale/vehicle/791552305 https://www.autotrader.com/cars-for-sale/vehicle/789008612 https://www.autotrader.com/cars-for-sale/vehicle/788849330 https://www.autotrader.com/cars-for-sale/vehicle/792777830 https://www.autotrader.com/cars-for-sale/vehicle/787797736,12900,11350,14450,2026-10-10,34.1,Warm,61,Medium,comps=10; comps_with_days=10; local_supply=5; local_radius=250; national_supply=468; median_days=36; price_cut_share=30; mmr_transactions=13; median_vs_kbb_pct=-0.3,3,0,3 Owners | No Accidents | Personal use | Good Reliability | Service records 74,21060,Warranty Expired,Personal,https://luxrepair2025-rgb.github.io/lux-tesla-battery/carfax/1GNSCCKC1HR319074.pdf,
ICE,368553,WDDUG6GB3JA368553,2018,Mercedes-Benz,S-Class,S 450 4MATIC Sedan 4D,S 450 4MATIC,"V6, Twin Turbo, 3.0 Liter",Automatic,AWD,GASOLINE,Sedan,Silver,Black,138207,15995.0,SOLD,32,https://www.luxautomotivellc.com/inventory/mercedes-benz/s-class/368553/,8.77,15759,17,,,,18/28/22,https://www.fueleconomy.gov/feg/noframes/39440.shtml,5,29,"New vehicle 4 yr / 50,000 mi: Likely expired",15600,15600,15600,5,Medium,395,2.5,https://www.autotrader.com/cars-for-sale/vehicle/778479770 https://www.autotrader.com/cars-for-sale/vehicle/788925064 https://www.autotrader.com/cars-for-sale/vehicle/792149094 https://www.autotrader.com/cars-for-sale/vehicle/789056381 https://www.autotrader.com/cars-for-sale/vehicle/782472966,12550,11000,14100,2026-10-09,27.5,Cool,37,Low,comps=6; comps_with_days=6; local_supply=4; local_radius=250; national_supply=47; median_days=48; price_cut_share=100; mmr_transactions=10; median_vs_kbb_pct=-3.9,2,1,2 Owners | Minor Damage | Personal Lease / Personal use | Service records 51,17750,Warranty Expired,"Personal Lease, Personal",https://luxrepair2025-rgb.github.io/lux-tesla-battery/carfax/WDDUG6GB3JA368553.pdf,
ICE,468987,KM8R14HE1NU468987,2022,Hyundai,Palisade,SE Sport Utility 4D,SE,"V6, GDI, 3.8 Liter",Automatic,FWD,GASOLINE,SUV,Gray,Black,101549,15295.0,SOLD,35,https://www.luxautomotivellc.com/inventory/hyundai/palisade/468987/,4.77,21289,58,,,,19/26/22,https://www.fueleconomy.gov/feg/noframes/43963.shtml,5,312,"New vehicle 5 yr / 60,000 mi: Likely expired | Powertrain (original owner 10 yr/100k; 2nd+ owner) 5 yr / 60,000 mi: Likely expired",17700,17700,20100,3,Low,-2405,-13.6,https://www.autotrader.com/cars-for-sale/vehicle/789877901 https://www.autotrader.com/cars-for-sale/vehicle/790675039 https://www.autotrader.com/cars-for-sale/vehicle/793120404,13750,12650,14850,2026-10-09,11.2,Cool,36,Low,comps=3; comps_with_days=3; local_supply=3; local_radius=250; national_supply=838; median_days=29; price_cut_share=67; mmr_transactions=6; median_vs_kbb_pct=-0.3,1,0,1-Owner | No Accidents | Open Recall | Personal use | Service records 9,18530,Warranty Expired,Personal,https://luxrepair2025-rgb.github.io/lux-tesla-battery/carfax/KM8R14HE1NU468987.pdf,
ICE,B07426,WP1AA2A50JLB07426,2018,Porsche,Macan,Sport Utility 4D,Base,"4-Cyl, Turbo, 2.0 Liter",Automatic,AWD,GASOLINE,SUV,Black,Black,87852,14995.0,SOLD,34,https://www.luxautomotivellc.com/inventory/porsche/macan/b07426/,8.77,10017,-26,,,,20/25/22,https://www.fueleconomy.gov/feg/noframes/39269.shtml,5,35,"New vehicle 4 yr / 50,000 mi: Likely expired",17600,15600,19900,12,Medium,-2605,-14.8,https://www.autotrader.com/cars-for-sale/vehicle/792726724 https://www.autotrader.com/cars-for-sale/vehicle/790083612 https://www.autotrader.com/cars-for-sale/vehicle/789315310 https://www.autotrader.com/cars-for-sale/vehicle/792437247 https://www.autotrader.com/cars-for-sale/vehicle/791077741 https://www.autotrader.com/cars-for-sale/vehicle/791335850 https://www.autotrader.com/cars-for-sale/vehicle/790425807 https://www.autotrader.com/cars-for-sale/vehicle/788819098 https://www.autotrader.com/cars-for-sale/vehicle/784757290 https://www.autotrader.com/cars-for-sale/vehicle/785283997 https://www.autotrader.com/cars-for-sale/vehicle/784351539 https://www.autotrader.com/cars-for-sale/vehicle/790819303,13100,12000,14200,2026-10-09,14.5,Hot,68,High,comps=71; comps_with_days=71; local_supply=43; local_radius=250; national_supply=399; median_days=29; price_cut_share=46; mmr_transactions=32; median_vs_kbb_pct=-3.2,3,0,3 Owners | No Accidents | Personal Lease / Personal use | Service records 39,18660,Warranty Expired,"Personal Lease, Personal",https://luxrepair2025-rgb.github.io/lux-tesla-battery/carfax/WP1AA2A50JLB07426.pdf,
ICE,154943,4JGDF6EE9JB154943,2018,Mercedes-Benz,GLS,GLS 450 4MATIC Sport Utility 4D,GLS 450 4MATIC,"V6, Twin Turbo, 3.0L",Automatic,AWD,GASOLINE,SUV,Gray,Black,100380,14995.0,Available,35,https://www.luxautomotivellc.com/inventory/mercedes-benz/gls/154943/,8.77,11446,-15,,,,17/22/19,https://www.fueleconomy.gov/feg/noframes/39104.shtml,2,22,"New vehicle 4 yr / 50,000 mi: Likely expired",18100,17300,18500,12,High,-3105,-17.2,https://www.autotrader.com/cars-for-sale/vehicle/792113476 https://www.autotrader.com/cars-for-sale/vehicle/789587683 https://www.autotrader.com/cars-for-sale/vehicle/776518507 https://www.autotrader.com/cars-for-sale/vehicle/783562704 https://www.autotrader.com/cars-for-sale/vehicle/788813263 https://www.autotrader.com/cars-for-sale/vehicle/782256645 https://www.autotrader.com/cars-for-sale/vehicle/789609659 https://www.autotrader.com/cars-for-sale/vehicle/790685840 https://www.autotrader.com/cars-for-sale/vehicle/788503798 https://www.autotrader.com/cars-for-sale/vehicle/788276169 https://www.autotrader.com/cars-for-sale/vehicle/792119390 https://www.autotrader.com/cars-for-sale/vehicle/774974867,12350,11150,13500,2026-10-10,21.4,Warm,45,High,comps=19; comps_with_days=19; local_supply=11; local_radius=250; national_supply=93; median_days=53; price_cut_share=63; mmr_transactions=20; median_vs_kbb_pct=-2.9,2,1,2 Owners | Minor Damage | Personal Lease / Personal use | Good Reliability | Regular Oil Changes | Service records 27,18190,Warranty Expired,"Personal Lease, Personal",https://luxrepair2025-rgb.github.io/lux-tesla-battery/carfax/4JGDF6EE9JB154943.pdf,
ICE,244825,5N1DR3BD2NC244825,2022,Nissan,Pathfinder,SV Sport Utility 4D,SV,"V6, 3.5 Liter",Automatic,4WD,GASOLINE,SUV,Blue,Black,124812,14995.0,Available,33,https://www.luxautomotivellc.com/inventory/nissan/pathfinder/244825/,4.77,26166,94,,,,20/25/22,https://www.fueleconomy.gov/feg/noframes/43952.shtml,5,136,"Basic 3 yr / 36,000 mi: Likely expired | Powertrain 5 yr / 60,000 mi: Likely expired",10700,9200,13500,6,Low,4295,40.1,https://www.autotrader.com/cars-for-sale/vehicle/781724305 https://www.autotrader.com/cars-for-sale/vehicle/792359055 https://www.autotrader.com/cars-for-sale/vehicle/790138893 https://www.autotrader.com/cars-for-sale/vehicle/792446716 https://www.autotrader.com/cars-for-sale/vehicle/793170758 https://www.autotrader.com/cars-for-sale/vehicle/782477048,12450,11200,13700,2026-10-10,20.4,Warm,63,Low,comps=7; comps_with_days=7; local_supply=5; local_radius=250; national_supply=667; median_days=9; price_cut_share=29; mmr_transactions=12; median_vs_kbb_pct=3.6,1,1,1-Owner | Minor Damage | Personal use | Great Reliability | Service records 19,19090,Warranty Expired,Personal,https://luxrepair2025-rgb.github.io/lux-tesla-battery/carfax/5N1DR3BD2NC244825.pdf,
ICE,A11838,1FMZK1CMXKKA11838,2019,Ford,Transit 150 Wagon,XL W/Medium Roof W/Sliding Side Door Van 3D,XL W/Medium Roof W/Sliding Side Door,"V6, Flex Fuel, 3.7 Liter",Automatic,RWD,GASOLINE,Passenger,White,Gray,160361,14495.0,SOLD,29,https://www.luxautomotivellc.com/inventory/ford/transit-150-wagon/a11838/,7.77,20638,53,,,,No confident EPA match on fueleconomy.gov,,9,37,"Bumper-to-bumper 3 yr / 36,000 mi: Likely expired | Powertrain 5 yr / 60,000 mi: Likely expired",16600,16600,16600,3,Low,-2105,-12.7,https://www.autotrader.com/cars-for-sale/vehicle/774522004 https://www.autotrader.com/cars-for-sale/vehicle/792668206 https://www.autotrader.com/cars-for-sale/vehicle/787255604,12600,9175,16050,2026-10-09,15.0,Cool,39,Low,comps=4; comps_with_days=4; local_supply=2; local_radius=250; national_supply=119; median_days=38; price_cut_share=50; mmr_transactions=6; median_vs_kbb_pct=-7.7,1,1,1-Owner | Accident reported (severity not stated) | Corporate history | Service records 54,18290,Warranty Expired,Corporate,https://luxrepair2025-rgb.github.io/lux-tesla-battery/carfax/1FMZK1CMXKKA11838.pdf,
ICE,055614,3VVCB7AX9NM055614,2022,Volkswagen,Tiguan,SE R-LINE Black Sport Utility 4D,SE R-LINE Black,"4-Cyl, Turbo, 2.0 Liter",Automatic,FWD,GASOLINE,SUV,Gray,Black,93465,14295.0,SOLD,32,https://www.luxautomotivellc.com/inventory/volkswagen/tiguan/055614/,4.77,19594,45,,,,23/30/26,https://www.fueleconomy.gov/feg/noframes/44142.shtml,5,270,"New vehicle 4 yr / 50,000 mi: Likely expired",15900,15200,16900,12,High,-1605,-10.1,https://www.autotrader.com/cars-for-sale/vehicle/793172065 https://www.autotrader.com/cars-for-sale/vehicle/790024342 https://www.autotrader.com/cars-for-sale/vehicle/787144630 https://www.autotrader.com/cars-for-sale/vehicle/786671804 https://www.autotrader.com/cars-for-sale/vehicle/792384110 https://www.autotrader.com/cars-for-sale/vehicle/791565529 https://www.autotrader.com/cars-for-sale/vehicle/789863969 https://www.autotrader.com/cars-for-sale/vehicle/789008214 https://www.autotrader.com/cars-for-sale/vehicle/792680454 https://www.autotrader.com/cars-for-sale/vehicle/774172889 https://www.autotrader.com/cars-for-sale/vehicle/790444933 https://www.autotrader.com/cars-for-sale/vehicle/792933899,11650,10700,12600,2026-10-09,22.7,Warm,58,High,comps=99; comps_with_days=99; local_supply=83; local_radius=250; national_supply=1187; median_days=31; price_cut_share=65; mmr_transactions=29; median_vs_kbb_pct=-2.2,1,0,1-Owner | No Accidents | Personal use | Great Reliability | Service records 28,16840,Warranty Expired,Personal,https://luxrepair2025-rgb.github.io/lux-tesla-battery/carfax/3VVCB7AX9NM055614.pdf,
ICE,008568,2T3H1RFV5KC008568,2019,Toyota,RAV4,LE Sport Utility 4D,LE,"4-Cyl, 2.5 Liter",Automatic,FWD,GASOLINE,SUV,Red,Beige,135303,14295.0,Available,28,https://www.luxautomotivellc.com/inventory/toyota/rav4/008568/,7.77,17414,29,,,,26/35/30,https://www.fueleconomy.gov/feg/noframes/41122.shtml,7,879,"Basic 3 yr / 36,000 mi: Likely expired | Powertrain 5 yr / 60,000 mi: Likely expired",15500,15200,15900,9,High,-1205,-7.8,https://www.autotrader.com/cars-for-sale/vehicle/792106105 https://www.autotrader.com/cars-for-sale/vehicle/793208981 https://www.autotrader.com/cars-for-sale/vehicle/790291317 https://www.autotrader.com/cars-for-sale/vehicle/792599997 https://www.autotrader.com/cars-for-sale/vehicle/792527814 https://www.autotrader.com/cars-for-sale/vehicle/792555051 https://www.autotrader.com/cars-for-sale/vehicle/789753896 https://www.autotrader.com/cars-for-sale/vehicle/770611961 https://www.autotrader.com/cars-for-sale/vehicle/793099094,11450,10000,12900,2026-10-10,24.8,Warm,61,High,comps=23; comps_with_days=23; local_supply=22; local_radius=250; national_supply=1255; median_days=27; price_cut_share=52; mmr_transactions=25; median_vs_kbb_pct=5.4,2,0,2 Owners | No Accidents | Personal use | Service records 50,16410,Warranty Expired,Personal,https://luxrepair2025-rgb.github.io/lux-tesla-battery/carfax/2T3H1RFV5KC008568.pdf,
ICE,040655,7FARW2H81JE040655,2018,Honda,CR-V,EX-L W/Navigation Sport Utility 4D,EX-L W/Navigation,"4-Cyl, Turbo, 1.5 Liter",Automatic,AWD,GASOLINE,SUV,Silver,Gray,167571,12295.0,Available,35,https://www.luxautomotivellc.com/inventory/honda/cr-v/040655/,8.77,19107,42,,,,27/33/29,https://www.fueleconomy.gov/feg/noframes/39629.shtml,5,2155,"New vehicle 3 yr / 36,000 mi: Likely expired | Powertrain 5 yr / 60,000 mi: Likely expired",11500,11500,12800,10,High,795,6.9,https://www.autotrader.com/cars-for-sale/vehicle/789043804 https://www.autotrader.com/cars-for-sale/vehicle/780484210 https://www.autotrader.com/cars-for-sale/vehicle/792496161 https://www.autotrader.com/cars-for-sale/vehicle/787917294 https://www.autotrader.com/cars-for-sale/vehicle/792121710 https://www.autotrader.com/cars-for-sale/vehicle/792610334 https://www.autotrader.com/cars-for-sale/vehicle/792857378 https://www.autotrader.com/cars-for-sale/vehicle/791048191 https://www.autotrader.com/cars-for-sale/vehicle/790899544 https://www.autotrader.com/cars-for-sale/vehicle/782748983,9025,7525,10500,2026-10-10,36.2,Hot,65,Medium,comps=11; comps_with_days=11; local_supply=9; local_radius=250; national_supply=1203; median_days=24; price_cut_share=45; mmr_transactions=25; median_vs_kbb_pct=0.6,1,1,1-Owner | Minor Damage | Personal use | Good Reliability | Service records 61,13870,Warranty Expired,Personal,https://luxrepair2025-rgb.github.io/lux-tesla-battery/carfax/7FARW2H81JE040655.pdf,
ICE,073477,1HGCR2F87FA073477,2015,Honda,Accord,EX-L Sedan 4D,EX-L,"4-Cyl, I-VTEC, 2.4 Liter",Automatic,FWD,GASOLINE,Sedan,Gray,Black,122276,10295.0,SOLD,31,https://www.luxautomotivellc.com/inventory/honda/accord/073477/,11.77,10389,-23,,,,26/34/29,https://www.fueleconomy.gov/feg/noframes/35553.shtml,5,601,"New vehicle 3 yr / 36,000 mi: Likely expired | Powertrain 5 yr / 60,000 mi: Likely expired",13100,12500,14000,12,High,-2805,-21.4,https://www.autotrader.com/cars-for-sale/vehicle/787112195 https://www.autotrader.com/cars-for-sale/vehicle/788797943 https://www.autotrader.com/cars-for-sale/vehicle/791099335 https://www.autotrader.com/cars-for-sale/vehicle/791299475 https://www.autotrader.com/cars-for-sale/vehicle/788948881 https://www.autotrader.com/cars-for-sale/vehicle/790810852 https://www.autotrader.com/cars-for-sale/vehicle/792435948 https://www.autotrader.com/cars-for-sale/vehicle/792025996 https://www.autotrader.com/cars-for-sale/vehicle/791811622 https://www.autotrader.com/cars-for-sale/vehicle/791592590 https://www.autotrader.com/cars-for-sale/vehicle/779788455 https://www.autotrader.com/cars-for-sale/vehicle/789435418,8825,7175,10450,2026-10-09,16.7,Hot,69,High,comps=31; comps_with_days=31; local_supply=12; local_radius=250; national_supply=432; median_days=31; price_cut_share=39; mmr_transactions=27; median_vs_kbb_pct=1.4,2,1,2 Owners | Minor Damage | Personal Lease / Personal use | Good Reliability | Service records 88,12850,Warranty Expired,"Personal Lease, Personal",https://luxrepair2025-rgb.github.io/lux-tesla-battery/carfax/1HGCR2F87FA073477.pdf,
ICE,021514,3VV3B7AX8JM021514,2018,Volkswagen,Tiguan,2.0T SE Sport Utility 4D,2.0T SE,"4-Cyl, Turbo, 2.0 Liter",Automatic,FWD,GASOLINE,SUV,Blue,Black,119410,9495.0,Available,33,https://www.luxautomotivellc.com/inventory/volkswagen/tiguan/021514/,8.77,13616,1,,,,22/27/24,https://www.fueleconomy.gov/feg/noframes/38805.shtml,14,284,"New vehicle (People First, transferable) 6 yr / 72,000 mi: Likely expired",8800,7500,10300,12,Medium,695,7.9,https://www.autotrader.com/cars-for-sale/vehicle/792680982 https://www.autotrader.com/cars-for-sale/vehicle/789550863 https://www.autotrader.com/cars-for-sale/vehicle/790678391 https://www.autotrader.com/cars-for-sale/vehicle/792652308 https://www.autotrader.com/cars-for-sale/vehicle/791886472 https://www.autotrader.com/cars-for-sale/vehicle/783661076 https://www.autotrader.com/cars-for-sale/vehicle/788170177 https://www.autotrader.com/cars-for-sale/vehicle/785635567 https://www.autotrader.com/cars-for-sale/vehicle/782382570 https://www.autotrader.com/cars-for-sale/vehicle/791061987 https://www.autotrader.com/cars-for-sale/vehicle/791548279 https://www.autotrader.com/cars-for-sale/vehicle/791382854,5700,4800,6575,2026-10-10,66.6,Warm,56,High,comps=70; comps_with_days=70; local_supply=57; local_radius=250; national_supply=412; median_days=32; price_cut_share=64; mmr_transactions=25; median_vs_kbb_pct=-4.1,3,0,3 Owners | No Accidents | Open Recall | Personal Lease / Personal use | Service records 27,10140,Warranty Expired,"Personal Lease, Personal",https://luxrepair2025-rgb.github.io/lux-tesla-battery/carfax/3VV3B7AX8JM021514.pdf,
ICE,022866,LVY982AK9JP022866,2018,Volvo,S90,T5 Momentum Sedan 4D,T5 Momentum,"4-Cyl, Drive-E, 2.0T",Automatic,FWD,GASOLINE,Sedan,Blue,Black,136953,8295.0,SOLD,31,https://www.luxautomotivellc.com/inventory/volvo/s90/022866/,8.77,15616,16,,,,24/34/27,https://www.fueleconomy.gov/feg/noframes/38788.shtml,2,12,"New vehicle 4 yr / 50,000 mi: Likely expired",7600,3700,7600,6,Medium,695,9.1,https://www.autotrader.com/cars-for-sale/vehicle/789153106 https://www.autotrader.com/cars-for-sale/vehicle/780674545 https://www.autotrader.com/cars-for-sale/vehicle/791922519 https://www.autotrader.com/cars-for-sale/vehicle/785230979 https://www.autotrader.com/cars-for-sale/vehicle/786406454 https://www.autotrader.com/cars-for-sale/vehicle/791545823,6250,4900,7625,2026-10-09,32.7,Cool,27,Low,comps=6; comps_with_days=6; local_supply=3; local_radius=250; national_supply=61; median_days=62; price_cut_share=67; mmr_transactions=7; median_vs_kbb_pct=10.2,2,1,2 Owners | Minor Damage | Personal Lease / Personal use | Good Reliability | Service records 66,13990,Warranty Expired,"Personal Lease, Personal",https://luxrepair2025-rgb.github.io/lux-tesla-battery/carfax/LVY982AK9JP022866.pdf,
ICE,138906,JTJBM7FX6G5138906,2016,Lexus,GX,GX 460 Sport Utility 4D,GX 460,"V8, 4.6 Liter",Automatic,4WD,GASOLINE,SUV,Black,Brown,146490,,SOLD,0,https://www.luxautomotivellc.com/inventory/lexus/gx/138906/,10.77,13602,1,,,,15/20/17,https://www.fueleconomy.gov/feg/noframes/36857.shtml,2,9,"Basic 4 yr / 50,000 mi: Likely expired | Powertrain 6 yr / 70,000 mi: Likely expired",20900,20500,21300,12,Medium,,,https://www.autotrader.com/cars-for-sale/vehicle/792612140 https://www.autotrader.com/cars-for-sale/vehicle/791665166 https://www.autotrader.com/cars-for-sale/vehicle/791755611 https://www.autotrader.com/cars-for-sale/vehicle/791997905 https://www.autotrader.com/cars-for-sale/vehicle/789826501 https://www.autotrader.com/cars-for-sale/vehicle/792623965 https://www.autotrader.com/cars-for-sale/vehicle/792606916 https://www.autotrader.com/cars-for-sale/vehicle/787962620 https://www.autotrader.com/cars-for-sale/vehicle/790957407 https://www.autotrader.com/cars-for-sale/vehicle/792549291 https://www.autotrader.com/cars-for-sale/vehicle/790553636 https://www.autotrader.com/cars-for-sale/vehicle/792746748,16700,15150,18200,2026-10-09,,Warm,53,High,comps=20; comps_with_days=20; local_supply=9; local_radius=250; national_supply=85; median_days=16; price_cut_share=65; mmr_transactions=19; median_vs_kbb_pct=-6.2,3,1,3 Owners | Minor Damage | Personal Lease / Personal use | Service records 47,21880,Warranty Expired,"Personal Lease, Personal",https://luxrepair2025-rgb.github.io/lux-tesla-battery/carfax/JTJBM7FX6G5138906.pdf,
ICE,576519,3C63R5DL0SG576519,2025,RAM,2500 Crew Cab,Big Horn Pickup 4D 6 1/3 FT,Big Horn,"6-Cyl, HO, Turbo Diesel, 6.7 Liter",Automatic,4WD,DIESEL,Pickup,,Not listed,65914,,Available,0,https://www.luxautomotivellc.com/inventory/ram/2500-crew-cab/576519/,1.77,37240,176,,,,"Not EPA-rated (heavy-duty, over 8,500 lb GVWR)",,6,0,"Basic 3 yr / 36,000 mi: Likely expired | Powertrain 5 yr / 60,000 mi: Likely expired | Cummins diesel engine 5 yr / 100,000 mi: Likely active",40800,40000,43400,10,Medium,,,https://www.autotrader.com/cars-for-sale/vehicle/792324916 https://www.autotrader.com/cars-for-sale/vehicle/789283904 https://www.autotrader.com/cars-for-sale/vehicle/790211984 https://www.autotrader.com/cars-for-sale/vehicle/792807301 https://www.autotrader.com/cars-for-sale/vehicle/792126034 https://www.autotrader.com/cars-for-sale/vehicle/790744907 https://www.autotrader.com/cars-for-sale/vehicle/789434936 https://www.autotrader.com/cars-for-sale/vehicle/781115585 https://www.autotrader.com/cars-for-sale/vehicle/790652293 https://www.autotrader.com/cars-for-sale/vehicle/792585642,37200,35800,38500,2026-10-10,,Warm,57,High,comps=68; comps_with_days=68; local_supply=47; local_radius=250; national_supply=1034; median_days=23; price_cut_share=65; mmr_transactions=25; median_vs_kbb_pct=-1.6,1,0,1-Owner | No Accidents | Open Recall | Commercial history | Service records 10,46260,Warranty Expired,Commercial,https://luxrepair2025-rgb.github.io/lux-tesla-battery/carfax/3C63R5DL0SG576519.pdf,
ICE,C83343,1FT8W3BT5HEC83343,2017,Ford,F350 Super Duty Crew Cab,Platinum Pickup 4D 8 FT,Platinum,"V8, Turbo Diesel, 6.7L",Automatic,4WD,DIESEL,Pickup,,Not listed,102112,,Available,1,https://www.luxautomotivellc.com/inventory/ford/f350-super-duty-crew-cab/c83343/,9.77,10452,-23,,,,"Not EPA-rated (heavy-duty, over 8,500 lb GVWR)",,2,560,"Bumper-to-bumper 3 yr / 36,000 mi: Likely expired | Powertrain 5 yr / 60,000 mi: Likely expired | Power Stroke diesel engine 5 yr / 100,000 mi: Likely expired",50100,49900,51000,5,Medium,,,https://www.autotrader.com/cars-for-sale/vehicle/791252611 https://www.autotrader.com/cars-for-sale/vehicle/786314917 https://www.autotrader.com/cars-for-sale/vehicle/789428061 https://www.autotrader.com/cars-for-sale/vehicle/785442091 https://www.autotrader.com/cars-for-sale/vehicle/793182066,41400,38200,44700,2026-10-10,,Warm,49,High,comps=18; comps_with_days=18; local_supply=10; local_radius=250; national_supply=475; median_days=41; price_cut_share=44; mmr_transactions=11; median_vs_kbb_pct=-6.7,2,0,2 Owners | No Accidents | Open Recall | Service records 42,47150,Warranty Expired,,https://luxrepair2025-rgb.github.io/lux-tesla-battery/carfax/1FT8W3BT5HEC83343.pdf,
ICE,109254,1GCUDDED6PZ109254,2023,Chevrolet,Silverado 1500 Crew Cab,LT Pickup 4D 5 3/4 FT,LT,"V8, Ecotec3, DFM, 5.3 Liter",Automatic,4WD,GASOLINE,Pickup,,Not listed,129160,,Available,1,https://www.luxautomotivellc.com/inventory/chevrolet/silverado-1500-crew-cab/109254/,3.77,34260,154,,,,15/19/17,https://www.fueleconomy.gov/feg/noframes/45785.shtml,3,384,"Bumper-to-bumper 3 yr / 36,000 mi: Likely expired | Powertrain 5 yr / 60,000 mi: Likely expired",19900,19900,21200,12,Low,,,https://www.autotrader.com/cars-for-sale/vehicle/780379561 https://www.autotrader.com/cars-for-sale/vehicle/791190174 https://www.autotrader.com/cars-for-sale/vehicle/790152243 https://www.autotrader.com/cars-for-sale/vehicle/792125605 https://www.autotrader.com/cars-for-sale/vehicle/786685200 https://www.autotrader.com/cars-for-sale/vehicle/792169073 https://www.autotrader.com/cars-for-sale/vehicle/790091230 https://www.autotrader.com/cars-for-sale/vehicle/791442107 https://www.autotrader.com/cars-for-sale/vehicle/787135165 https://www.autotrader.com/cars-for-sale/vehicle/790782319 https://www.autotrader.com/cars-for-sale/vehicle/792902590 https://www.autotrader.com/cars-for-sale/vehicle/792758548,20300,19350,21200,2026-10-10,,Hot,72,High,comps=43; comps_with_days=43; local_supply=33; local_radius=250; national_supply=5755; median_days=23; price_cut_share=51; mmr_transactions=80; median_vs_kbb_pct=-1.7,2,0,2 Owners | No Accidents | Personal use | Great Reliability | Service records 65,27830,Warranty Expired,Personal,https://luxrepair2025-rgb.github.io/lux-tesla-battery/carfax/1GCUDDED6PZ109254.pdf,
ICE,206727,3C6UR5NL4LG206727,2020,RAM,2500 Mega Cab,Laramie Pickup 4D 6 1/3 FT,Laramie,"6-Cyl, Turbo Diesel, 6.7 Liter",Automatic,4WD,DIESEL,Pickup,,Not listed,135329,,Available,0,https://www.luxautomotivellc.com/inventory/ram/2500-mega-cab/206727/,6.77,19990,48,,,,"Not EPA-rated (heavy-duty, over 8,500 lb GVWR)",,10,162,"Basic 3 yr / 36,000 mi: Likely expired | Powertrain 5 yr / 60,000 mi: Likely expired | Cummins diesel engine 5 yr / 100,000 mi: Likely expired",37200,37000,40700,12,High,,,https://www.autotrader.com/cars-for-sale/vehicle/791887448 https://www.autotrader.com/cars-for-sale/vehicle/790439713 https://www.autotrader.com/cars-for-sale/vehicle/792525397 https://www.autotrader.com/cars-for-sale/vehicle/792677473 https://www.autotrader.com/cars-for-sale/vehicle/776255142 https://www.autotrader.com/cars-for-sale/vehicle/792400035 https://www.autotrader.com/cars-for-sale/vehicle/792138507 https://www.autotrader.com/cars-for-sale/vehicle/791490214 https://www.autotrader.com/cars-for-sale/vehicle/792524779 https://www.autotrader.com/cars-for-sale/vehicle/791688314 https://www.autotrader.com/cars-for-sale/vehicle/793126148 https://www.autotrader.com/cars-for-sale/vehicle/759703199,33700,31500,35800,2026-10-10,,Cool,39,High,comps=93; comps_with_days=93; local_supply=56; local_radius=250; national_supply=610; median_days=19; price_cut_share=55; mmr_transactions=6; median_vs_kbb_pct=0.3,3,0,3 Owners | No Accidents | Rental history | Service records 57,39000,Warranty Expired,"Rental, Personal",https://luxrepair2025-rgb.github.io/lux-tesla-battery/carfax/3C6UR5NL4LG206727.pdf,
ICE,154079,1GCGSCE34G1154079,2016,Chevrolet,Colorado Crew Cab,LT Pickup 4D 5 FT,LT,"V6, VVT, 3.6 Liter",Automatic,2WD,GASOLINE,Pickup,,Not listed,145635,,Available,0,https://www.luxautomotivellc.com/inventory/chevrolet/colorado-crew-cab/154079/,10.77,13522,0,,,,18/25/21,https://www.fueleconomy.gov/feg/noframes/36591.shtml,4,709,"Bumper-to-bumper 3 yr / 36,000 mi: Likely expired | Powertrain 5 yr / 60,000 mi: Likely expired",12200,12200,14600,8,Medium,,,https://www.autotrader.com/cars-for-sale/vehicle/784997769 https://www.autotrader.com/cars-for-sale/vehicle/790671679 https://www.autotrader.com/cars-for-sale/vehicle/793019076 https://www.autotrader.com/cars-for-sale/vehicle/771018345 https://www.autotrader.com/cars-for-sale/vehicle/793042104 https://www.autotrader.com/cars-for-sale/vehicle/790928707 https://www.autotrader.com/cars-for-sale/vehicle/786003472 https://www.autotrader.com/cars-for-sale/vehicle/791886493,10050,8650,11450,2026-10-10,,Hot,68,Medium,comps=12; comps_with_days=12; local_supply=10; local_radius=250; national_supply=392; median_days=20; price_cut_share=25; mmr_transactions=14; median_vs_kbb_pct=-13.5,1,0,1-Owner | No Accidents | Personal use | Service records 34,,Warranty Expired,Personal,https://luxrepair2025-rgb.github.io/lux-tesla-battery/carfax/1GCGSCE34G1154079.pdf,
ICE,165113,1GC4KWCY2KF165113,2019,Chevrolet,Silverado 3500 HD Crew Cab,LT Pickup 4D 8 FT,LT,"V8, Turbo Diesel, 6.6 Liter",Automatic,4WD,DIESEL,Pickup,,Not listed,135807,,Available,0,https://www.luxautomotivellc.com/inventory/chevrolet/silverado-3500-hd-crew-cab/165113/,7.77,17478,29,,,,"Not EPA-rated (heavy-duty, over 8,500 lb GVWR)",,7,0,"Bumper-to-bumper 3 yr / 36,000 mi: Likely expired | Powertrain 5 yr / 60,000 mi: Likely expired | Duramax diesel engine 5 yr / 100,000 mi: Likely expired",37300,32600,40700,12,Medium,,,https://www.autotrader.com/cars-for-sale/vehicle/790677616 https://www.autotrader.com/cars-for-sale/vehicle/791614873 https://www.autotrader.com/cars-for-sale/vehicle/784733851 https://www.autotrader.com/cars-for-sale/vehicle/784044766 https://www.autotrader.com/cars-for-sale/vehicle/791839576 https://www.autotrader.com/cars-for-sale/vehicle/788868673 https://www.autotrader.com/cars-for-sale/vehicle/790758453 https://www.autotrader.com/cars-for-sale/vehicle/790585344 https://www.autotrader.com/cars-for-sale/vehicle/782940439 https://www.autotrader.com/cars-for-sale/vehicle/792259792 https://www.autotrader.com/cars-for-sale/vehicle/790209540 https://www.autotrader.com/cars-for-sale/vehicle/791755520,25800,21200,30300,2026-10-10,,Warm,43,High,comps=15; comps_with_days=15; local_supply=3; local_radius=250; national_supply=165; median_days=28; price_cut_share=47; mmr_transactions=6; median_vs_kbb_pct=-2.4,3,0,3 Owners | No Accidents | Personal use | Service records 43,37540,Warranty Expired,Personal,https://luxrepair2025-rgb.github.io/lux-tesla-battery/carfax/1GC4KWCY2KF165113.pdf,
ICE,038296,5FPYK3F85KB038296,2019,Honda,Ridgeline,Black Edition Pickup 4D 5 FT,Black Edition,"V6, I-VTEC, 3.5 Liter",Automatic,AWD,GASOLINE,Pickup,,Not listed,121861,,Available,0,https://www.luxautomotivellc.com/inventory/honda/ridgeline/038296/,7.77,15684,16,,,,18/25/21,https://www.fueleconomy.gov/feg/noframes/39930.shtml,12,236,"New vehicle 3 yr / 36,000 mi: Likely expired | Powertrain 5 yr / 60,000 mi: Likely expired",19100,18500,20600,6,Medium,,,https://www.autotrader.com/cars-for-sale/vehicle/791302930 https://www.autotrader.com/cars-for-sale/vehicle/787484290 https://www.autotrader.com/cars-for-sale/vehicle/791501667 https://www.autotrader.com/cars-for-sale/vehicle/792096499 https://www.autotrader.com/cars-for-sale/vehicle/792460228 https://www.autotrader.com/cars-for-sale/vehicle/789307579,13900,12900,14850,2026-10-10,,Cool,36,Low,comps=6; comps_with_days=6; local_supply=4; local_radius=250; national_supply=377; median_days=21; price_cut_share=67; mmr_transactions=6; median_vs_kbb_pct=2.7,2,0,2 Owners | No Accidents | Personal use | Homegrown (Honda of Gainesville) | Service records 18,20680,Warranty Expired,Personal,https://luxrepair2025-rgb.github.io/lux-tesla-battery/carfax/5FPYK3F85KB038296.pdf,
ICE,426591,3C63RRGL5NG426591,2022,RAM,3500 Crew Cab,Tradesman Pickup 4D 8 FT,Tradesman,"6-Cyl, Turbo Diesel, 6.7 Liter",Automatic,4WD,DIESEL,Pickup,,Not listed,147988,,Available,1,https://www.luxautomotivellc.com/inventory/ram/3500-crew-cab/426591/,4.77,31025,130,,,,"Not EPA-rated (heavy-duty, over 8,500 lb GVWR)",,12,190,"Basic 3 yr / 36,000 mi: Likely expired | Powertrain 5 yr / 60,000 mi: Likely expired | Cummins diesel engine 5 yr / 100,000 mi: Likely expired",40300,38400,43800,9,Medium,,,https://www.autotrader.com/cars-for-sale/vehicle/793027869 https://www.autotrader.com/cars-for-sale/vehicle/777834691 https://www.autotrader.com/cars-for-sale/vehicle/786194373 https://www.autotrader.com/cars-for-sale/vehicle/792629764 https://www.autotrader.com/cars-for-sale/vehicle/789800127 https://www.autotrader.com/cars-for-sale/vehicle/792169022 https://www.autotrader.com/cars-for-sale/vehicle/778414583 https://www.autotrader.com/cars-for-sale/vehicle/790081193 https://www.autotrader.com/cars-for-sale/vehicle/790888354,25100,21900,28400,2026-10-10,,Warm,50,High,comps=40; comps_with_days=40; local_supply=22; local_radius=250; national_supply=656; median_days=36; price_cut_share=57; mmr_transactions=17; median_vs_kbb_pct=-2.1,2,0,2 Owners | No Accidents | Corporate / Commercial history | Great Reliability | Service records 42,32680,Warranty Expired,"Corporate, Commercial",https://luxrepair2025-rgb.github.io/lux-tesla-battery/carfax/3C63RRGL5NG426591.pdf,
ICE,209719,1GC1KVEY3HF209719,2017,Chevrolet,Silverado 2500 HD Crew Cab,LT Pickup 4D 6 1/2 FT,LT,"V8, Turbo Diesel, 6.6 Liter",Automatic,4WD,DIESEL,Pickup,,Not listed,117622,,Available,2,https://www.luxautomotivellc.com/inventory/chevrolet/silverado-2500-hd-crew-cab/209719/,9.77,12039,-11,,,,"Not EPA-rated (heavy-duty, over 8,500 lb GVWR)",,5,178,"Bumper-to-bumper 3 yr / 36,000 mi: Likely expired | Powertrain 5 yr / 60,000 mi: Likely expired | Duramax diesel engine 5 yr / 100,000 mi: Likely expired",22500,22500,23800,4,Low,,,https://www.autotrader.com/cars-for-sale/vehicle/791867369 https://www.autotrader.com/cars-for-sale/vehicle/787798831 https://www.autotrader.com/cars-for-sale/vehicle/785328418 https://www.autotrader.com/cars-for-sale/vehicle/786158679,22900,18250,27500,2026-10-10,,Cool,39,Medium,comps=11; comps_with_days=11; local_supply=6; local_radius=250; national_supply=290; median_days=15; price_cut_share=55; mmr_transactions=6; median_vs_kbb_pct=2.5,2,1,2 Owners | Minor Damage | Personal use | Service records 82,35530,Warranty Expired,Personal,https://luxrepair2025-rgb.github.io/lux-tesla-battery/carfax/1GC1KVEY3HF209719.pdf,
ICE,195448,3C6UR5DL6RG195448,2024,RAM,2500 Crew Cab,Big Horn Pickup 4D 6 1/3 FT,Big Horn,"6-Cyl, Turbo Diesel, 6.7 Liter",Automatic,4WD,DIESEL,Pickup,,Not listed,83746,,Available,0,https://www.luxautomotivellc.com/inventory/ram/2500-crew-cab/195448/,2.77,30233,124,,,,"Not EPA-rated (heavy-duty, over 8,500 lb GVWR)",,5,0,"Basic 3 yr / 36,000 mi: Likely expired | Powertrain 5 yr / 60,000 mi: Likely expired | Cummins diesel engine 5 yr / 100,000 mi: Likely active",37000,34200,38300,12,High,,,https://www.autotrader.com/cars-for-sale/vehicle/789918248 https://www.autotrader.com/cars-for-sale/vehicle/792437236 https://www.autotrader.com/cars-for-sale/vehicle/792437234 https://www.autotrader.com/cars-for-sale/vehicle/784216376 https://www.autotrader.com/cars-for-sale/vehicle/792050680 https://www.autotrader.com/cars-for-sale/vehicle/781300532 https://www.autotrader.com/cars-for-sale/vehicle/791780994 https://www.autotrader.com/cars-for-sale/vehicle/792283413 https://www.autotrader.com/cars-for-sale/vehicle/793000411 https://www.autotrader.com/cars-for-sale/vehicle/782555284 https://www.autotrader.com/cars-for-sale/vehicle/789025364 https://www.autotrader.com/cars-for-sale/vehicle/792295816,30700,29500,31900,2026-10-10,,Warm,57,High,comps=68; comps_with_days=68; local_supply=47; local_radius=250; national_supply=2345; median_days=23; price_cut_share=65; mmr_transactions=25; median_vs_kbb_pct=-1.6,1,1,1-Owner | Accident reported (severity not stated) | Commercial history | Service records 26,40050,Warranty Expired,Commercial,https://luxrepair2025-rgb.github.io/lux-tesla-battery/carfax/3C6UR5DL6RG195448.pdf,
ICE,D49423,1FTFW1E18JFD49423,2018,Ford,F150 Supercrew Cab,Lariat Pickup 4D 5 1/2 FT,Lariat,"V6, Turbo Diesel, 3.0 Liter",Automatic,4WD,DIESEL,Pickup,,Not listed,150557,,Available,1,https://www.luxautomotivellc.com/inventory/ford/f150-supercrew-cab/d49423/,8.77,17167,27,,,,21/28/24,https://www.fueleconomy.gov/feg/noframes/40223.shtml,19,83,"Bumper-to-bumper 3 yr / 36,000 mi: Likely expired | Powertrain 5 yr / 60,000 mi: Likely expired | Power Stroke diesel engine 5 yr / 100,000 mi: Likely expired",27000,27000,27000,3,Low,,,https://www.autotrader.com/cars-for-sale/vehicle/791354831 https://www.autotrader.com/cars-for-sale/vehicle/788293411 https://www.autotrader.com/cars-for-sale/vehicle/788619644,13750,12100,15350,2026-10-10,,Cool,37,Low,comps=3; comps_with_days=3; local_supply=3; local_radius=250; national_supply=3573; median_days=52; price_cut_share=67; mmr_transactions=11; median_vs_kbb_pct=-22.3,1,0,1-Owner | No Accidents | Personal use | Service records 76,21030,Warranty Expired,Personal,https://luxrepair2025-rgb.github.io/lux-tesla-battery/carfax/1FTFW1E18JFD49423.pdf,
ICE,216349,1GT49WEYXLF216349,2020,GMC,Sierra 3500 HD Crew Cab,Denali Pickup 4D 6 1/2 FT,Denali,"V8, Turbo Diesel, 6.6 Liter",Automatic,4WD,DIESEL,Pickup,,Not listed,187683,,Available,1,https://www.luxautomotivellc.com/inventory/gmc/sierra-3500-hd-crew-cab/216349/,6.77,27723,105,,,,"Not EPA-rated (heavy-duty, over 8,500 lb GVWR)",,8,45,"Bumper-to-bumper 3 yr / 36,000 mi: Likely expired | Powertrain 5 yr / 60,000 mi: Likely expired | Duramax diesel engine 5 yr / 100,000 mi: Likely expired",39600,39600,39600,12,High,,,https://www.autotrader.com/cars-for-sale/vehicle/790340534 https://www.autotrader.com/cars-for-sale/vehicle/791563341 https://www.autotrader.com/cars-for-sale/vehicle/789216061 https://www.autotrader.com/cars-for-sale/vehicle/792706770 https://www.autotrader.com/cars-for-sale/vehicle/785240504 https://www.autotrader.com/cars-for-sale/vehicle/787860352 https://www.autotrader.com/cars-for-sale/vehicle/791297869 https://www.autotrader.com/cars-for-sale/vehicle/789287072 https://www.autotrader.com/cars-for-sale/vehicle/756590858 https://www.autotrader.com/cars-for-sale/vehicle/771957189 https://www.autotrader.com/cars-for-sale/vehicle/787608815 https://www.autotrader.com/cars-for-sale/vehicle/781683493,30000,27200,32800,2026-10-10,,Warm,49,High,comps=15; comps_with_days=15; local_supply=8; local_radius=250; national_supply=168; median_days=35; price_cut_share=53; mmr_transactions=13; median_vs_kbb_pct=-0.8,2,0,2 Owners | No Accidents | Personal use | Service records 73,,Warranty Expired,Personal,https://luxrepair2025-rgb.github.io/lux-tesla-battery/carfax/1GT49WEYXLF216349.pdf,
ICE,A81000,1FTEW1EG8GFA81000,2016,Ford,F150 Supercrew Cab,Platinum Pickup 4D 5 1/2 FT,Platinum,"V6, Ecoboost, TT, 3.5L",Automatic,4WD,GASOLINE,Pickup,,Not listed,47657,,Available,1,https://www.luxautomotivellc.com/inventory/ford/f150-supercrew-cab/a81000/,10.77,4425,-67,,,,16/22/18,https://www.fueleconomy.gov/feg/noframes/37048.shtml,14,86,"Bumper-to-bumper 3 yr / 36,000 mi: Likely expired | Powertrain 5 yr / 60,000 mi: Likely expired",49800,49200,50600,3,Low,,,https://www.autotrader.com/cars-for-sale/vehicle/789106141 https://www.autotrader.com/cars-for-sale/vehicle/793131924 https://www.autotrader.com/cars-for-sale/vehicle/791151249,23000,20300,25700,2026-10-10,,Warm,55,Medium,comps=13; comps_with_days=13; local_supply=12; local_radius=250; national_supply=1507; median_days=30; price_cut_share=54; mmr_transactions=18; median_vs_kbb_pct=-4.1,1,0,1-Owner | No Accidents | Corporate history | Service records 58,31620,Warranty Expired,Corporate,https://luxrepair2025-rgb.github.io/lux-tesla-battery/carfax/1FTEW1EG8GFA81000.pdf,
ICE,271893,3C63RPGLXLG271893,2020,RAM,3500 Crew Cab,Tradesman Pickup 4D 8 FT,Tradesman,"6-Cyl, Turbo Diesel, 6.7 Liter",Automatic,2WD,DIESEL,Pickup,,Not listed,69447,,Available,0,https://www.luxautomotivellc.com/inventory/ram/3500-crew-cab/271893/,6.77,10258,-24,,,,"Not EPA-rated (heavy-duty, over 8,500 lb GVWR)",,11,116,"Basic 3 yr / 36,000 mi: Likely expired | Powertrain 5 yr / 60,000 mi: Likely expired | Cummins diesel engine 5 yr / 100,000 mi: Likely expired",,,,0,Insufficient data,,,,29300,25200,33400,2026-10-10,,Cool,11,Low,comps=5; comps_with_days=5; local_supply=4; local_radius=250; national_supply=234; median_days=342; price_cut_share=40; mmr_transactions=4; median_vs_kbb_pct=-5.1,3,1,3 Owners | Accident reported (severity not stated) | Commercial history | Service records 75,39090,Warranty Expired,"Commercial, Personal",https://luxrepair2025-rgb.github.io/lux-tesla-battery/carfax/3C63RPGLXLG271893.pdf,
ICE,259733,1GT49LEY7RF259733,2024,GMC,Sierra 2500 HD Crew Cab,Pro Pickup 4D 6 1/2 FT,Pro,"V8, Turbo Diesel, 6.6 Liter",Automatic,4WD,DIESEL,Pickup,,Not listed,107016,,Available,1,https://www.luxautomotivellc.com/inventory/gmc/sierra-2500-hd-crew-cab/259733/,2.77,38634,186,,,,"Not EPA-rated (heavy-duty, over 8,500 lb GVWR)",,4,0,"Bumper-to-bumper 3 yr / 36,000 mi: Likely expired | Powertrain 5 yr / 60,000 mi: Likely expired | Duramax diesel engine 5 yr / 100,000 mi: Likely expired",38900,38900,38900,3,Low,,,https://www.autotrader.com/cars-for-sale/vehicle/791689512 https://www.autotrader.com/cars-for-sale/vehicle/792951595 https://www.autotrader.com/cars-for-sale/vehicle/786099798,29200,27200,31200,2026-10-10,,Warm,61,Low,comps=4; comps_with_days=4; local_supply=4; local_radius=250; national_supply=2139; median_days=10; price_cut_share=25; mmr_transactions=9; median_vs_kbb_pct=3.6,1,0,1-Owner | No Accidents | Commercial history | Homegrown (Kelley Buick GMC) | Service records 6,40920,Warranty Expired,Commercial,https://luxrepair2025-rgb.github.io/lux-tesla-battery/carfax/1GT49LEY7RF259733.pdf,
ICE,012595,WDD7X8JB9LA012595,2020,Mercedes-Benz,Mercedes-AMG GT,63 Coupe 4D,63,"V8, Twin Turbo, 4.0 Liter",Automatic,AWD,GASOLINE,Coupe,,Not listed,32876,,Available,1,https://www.luxautomotivellc.com/inventory/mercedes-benz/mercedes-amg-gt/012595/,6.77,4856,-64,,,,No confident EPA match on fueleconomy.gov,,4,5,"New vehicle 4 yr / 50,000 mi: Likely expired",82200,63500,86300,8,Medium,,,https://www.autotrader.com/cars-for-sale/vehicle/789159654 https://www.autotrader.com/cars-for-sale/vehicle/790459722 https://www.autotrader.com/cars-for-sale/vehicle/791210780 https://www.autotrader.com/cars-for-sale/vehicle/786881256 https://www.autotrader.com/cars-for-sale/vehicle/786638910 https://www.autotrader.com/cars-for-sale/vehicle/790644524 https://www.autotrader.com/cars-for-sale/vehicle/787794135 https://www.autotrader.com/cars-for-sale/vehicle/772847361,77100,71900,82400,2026-10-10,,Cool,35,High,comps=29; comps_with_days=29; local_supply=12; local_radius=250; national_supply=77; median_days=41; price_cut_share=59; mmr_transactions=7; median_vs_kbb_pct=-0.1,2,0,2 Owners | No Accidents | Personal use | Service records 61,84530,Warranty Expired,Personal,https://luxrepair2025-rgb.github.io/lux-tesla-battery/carfax/WDD7X8JB9LA012595.pdf,
